Map ID,Content Role,Ideal URL Structure,Target Seed Keyword,Ideal Title Tag,Ideal H1 Tag
1,Home Page,/,{brand},{Brand} | {state} Divorce & Family Law Firm,{state} Divorce & Family Law Firm
2,Divorce,.com/{state}/divorce/,divorce in {state},Divorce in {state} | {Brand},{state} Divorce
3,Child Custody,.com/{state}/child-custody/,child custody in {state},Child Custody in {state} | {Brand},{state} Child Custody
4,Child Support,.com/{state}/child-support/,child support in {state},Child Support in {state} | {Brand},{state} Child Support
5,Alimony,.com/{state}/alimony/,alimony in {state},Alimony in {state} | {Brand},{state} Alimony Orders
6,Property Division,.com/{state}/property-division/,property division in {state},Property Division in {state} | {Brand},{state} Property Division
7,Paternity,.com/{state}/paternity/,paternity in {state},Paternity in {state} | {Brand},{state} Paternity
8,Guardianship,.com/{state}/guardianship/,guardianship in {state},Guardianship in {state} | {Brand},{state} Guardianship
9,Adoption,.com/{state}/adoption/,adoption in {state},Adoption in {state} | {Brand},Adoption Process in {state}
10,Pre/Postnup,.com/{state}/prenup-postnup/,prenuptial agreements {state},Prenuptial Agreements in {state} | {Brand},Prenuptial Agreements in {state}
11,Location Hub,.com/{state}/locations/,{brand} office locations {state},{state} Locations & Hours | {Brand},{state} Family Law Office Locations
12,Individual Location Pages,.com/{state}/locations/{city 1}/,{city 1} divorce lawyers,{city 1} Family Law & Divorce Lawyers | {Brand},{city 1} Family Law & Divorce Attorneys
13,Individual Location Pages,.com/{state}/locations/{city 2}/,{city 2} divorce lawyers,{city 2} Family Law & Divorce Lawyers | {Brand},{city 2} Family Law & Divorce Attorneys
14,Individual Location Pages,.com/{state}/locations/{city 3}/,{city 3} divorce lawyers,{city 3} Family Law & Divorce Lawyers | {Brand},{city 3} Family Law & Divorce Attorneys
15,Location Support Pages,.com/{state}/locations/{city 1}/divorce-mediation/,{city 1} divorce mediation,{city 1} Divorce Mediation Lawyers | {Brand},{city 1} Divorce Mediation Attorneys
16,Location Support Pages,.com/{state}/locations/{city 1}/collaborative-divorce/,{city 1} collaborative divorce lawyer,{city 1} Collaborative Divorce Lawyers | {Brand},{city 1} Collaborative Divorce Attorneys
17,Location Support Pages,.com/{state}/locations/{city 1}/uncontested-divorce/,{city 1} uncontested divorce lawyer,{city 1} Uncontested Divorce Lawyers | {Brand},{city 1} Uncontested Divorce Attorneys
18,Location Support Pages,.com/{state}/locations/{city 1}/contested-divorce/,{city 1} contested divorce lawyer,{city 1} Contested Divorce Lawyers | {Brand},{city 1} Contested Divorce Attorneys
19,Location Support Pages,.com/{state}/locations/{city 1}/child-custody/,{city 1} child custody lawyer,{city 1} Child Custody Lawyers | {Brand},{city 1} Child Custody Attorneys
20,Location Support Pages,.com/{state}/locations/{city 1}/child-support/,{city 1} child support lawyer,{city 1} Child Support Lawyers | {Brand},{city 1} Child Support Attorneys
21,Location Support Pages,.com/{state}/locations/{city 1}/alimony/,{city 1} alimony lawyer,{city 1} Spousal Support Lawyers | {Brand},{city 1} Spousal Support Attorneys
22,Location Support Pages,.com/{state}/locations/{city 1}/property-division/,{city 1} property division lawyer,{city 1} Property Division Lawyers | {Brand},{city 1} Property Division Attorneys
23,Location Support Pages,.com/{state}/locations/{city 1}/paternity/,{city 1} paternity lawyer,{city 1} Paternity Lawyers | {Brand},{city 1} Paternity Attorneys
24,Location Support Pages,.com/{state}/locations/{city 1}/military-divorce/,{city 1} military divorce lawyer,{city 1} Military Divorce Lawyers | {Brand},{city 1} Military Divorce Attorneys
25,Location Support Pages,.com/{state}/locations/{city 2}/divorce-mediation/,{city 2} divorce mediation,{city 2} Divorce Mediation Lawyers | {Brand},{city 2} Divorce Mediation Attorneys
26,Location Support Pages,.com/{state}/locations/{city 2}/collaborative-divorce/,{city 2} collaborative divorce lawyer,{city 2} Collaborative Divorce Lawyers | {Brand},{city 2} Collaborative Divorce Attorneys
27,Location Support Pages,.com/{state}/locations/{city 2}/uncontested-divorce/,{city 2} uncontested divorce lawyer,{city 2} Uncontested Divorce Lawyers | {Brand},{city 2} Uncontested Divorce Attorneys
28,Location Support Pages,.com/{state}/locations/{city 2}/contested-divorce/,{city 2} contested divorce lawyer,{city 2} Contested Divorce Lawyers | {Brand},{city 2} Contested Divorce Attorneys
29,Location Support Pages,.com/{state}/locations/{city 2}/child-custody/,{city 2} child custody lawyer,{city 2} Child Custody Lawyers | {Brand},{city 2} Child Custody Attorneys
30,Location Support Pages,.com/{state}/locations/{city 2}/child-support/,{city 2} child support lawyer,{city 2} Child Support Lawyers | {Brand},{city 2} Child Support Attorneys
31,Location Support Pages,.com/{state}/locations/{city 2}/alimony/,{city 2} alimony lawyer,{city 2} Spousal Support Lawyers | {Brand},{city 2} Spousal Support Attorneys
32,Location Support Pages,.com/{state}/locations/{city 2}/property-division/,{city 2} property division lawyer,{city 2} Property Division Lawyers | {Brand},{city 2} Property Division Attorneys
33,Location Support Pages,.com/{state}/locations/{city 2}/paternity/,{city 2} paternity lawyer,{city 2} Paternity Lawyers | {Brand},{city 2} Paternity Attorneys
34,Location Support Pages,.com/{state}/locations/{city 2}/military-divorce/,{city 2} military divorce lawyer,{city 2} Military Divorce Lawyers | {Brand},{city 2} Military Divorce Attorneys
35,Location Support Pages,.com/{state}/locations/{city 3}/divorce-mediation/,{city 3} divorce mediation,{city 3} Divorce Mediation Lawyers | {Brand},{city 3} Divorce Mediation Attorneys
36,Location Support Pages,.com/{state}/locations/{city 3}/collaborative-divorce/,{city 3} collaborative divorce lawyer,{city 3} Collaborative Divorce Lawyers | {Brand},{city 3} Collaborative Divorce Attorneys
37,Location Support Pages,.com/{state}/locations/{city 3}/uncontested-divorce/,{city 3} uncontested divorce lawyer,{city 3} Uncontested Divorce Lawyers | {Brand},{city 3} Uncontested Divorce Attorneys
38,Location Support Pages,.com/{state}/locations/{city 3}/contested-divorce/,{city 3} contested divorce lawyer,{city 3} Contested Divorce Lawyers | {Brand},{city 3} Contested Divorce Attorneys
39,Location Support Pages,.com/{state}/locations/{city 3}/child-custody/,{city 3} child custody lawyer,{city 3} Child Custody Lawyers | {Brand},{city 3} Child Custody Attorneys
40,Location Support Pages,.com/{state}/locations/{city 3}/child-support/,{city 3} child support lawyer,{city 3} Child Support Lawyers | {Brand},{city 3} Child Support Attorneys
41,Location Support Pages,.com/{state}/locations/{city 3}/alimony/,{city 3} alimony lawyer,{city 3} Spousal Support Lawyers | {Brand},{city 3} Spousal Support Attorneys
42,Location Support Pages,.com/{state}/locations/{city 3}/property-division/,{city 3} property division lawyer,{city 3} Property Division Lawyers | {Brand},{city 3} Property Division Attorneys
43,Location Support Pages,.com/{state}/locations/{city 3}/paternity/,{city 3} paternity lawyer,{city 3} Paternity Lawyers | {Brand},{city 3} Paternity Attorneys
44,Location Support Pages,.com/{state}/locations/{city 3}/military-divorce/,{city 3} military divorce lawyer,{city 3} Military Divorce Lawyers | {Brand},{city 3} Military Divorce Attorneys
45,Attorney Hub,.com/{state}/attorneys/,{state} attorneys,{state} Family Law & Divorce Lawyers | {Brand},{state} Family Law & Divorce Attorneys
46,Individual Attorney Pages,.com/{state}/attorneys/{attorney 1 first name - attorney 1 last name}/,attorney {attorney first name 1} {attorney last name 1},Divorce & Family Law Attorney {attorney 1 first name} {attorney 1 last name} | {Brand},Attorney {attorney 1 first name} {attorney 1 last name}
47,Individual Attorney Pages,.com/{state}/attorneys/{attorney 2 first name - attorney 2 last name}/,attorney {attorney first name 2} {attorney last name 2},Divorce & Family Law Attorney {attorney 2 first name} {attorney 2 last name} | {Brand},Attorney {attorney 2 first name} {attorney 2 last name}
48,Individual Attorney Review Pages,.com/{state}/attorneys/{attorney 1 first name - attorney 1 last name}/reviews/,attorney {attorney first name 1} {attorney last name 1} reviews,Reviews: Attorney {attorney 1 first name} {attorney 1 last name} | {Brand},Reviews for Attorney {attorney 1 first name} {attorney 1 last name}
49,Individual Attorney Review Pages,.com/{state}/attorneys/{attorney 2 first name - attorney 2 last name}/reviews/,attorney {attorney first name 2} {attorney last name 2} reviews,Reviews: Attorney {attorney 2 first name} {attorney 2 last name} | {Brand},Reviews for Attorney {attorney 2 first name} {attorney 2 last name}
50,Service Area Hub,.com/{state}/areas/,{brand} service areas {state},{state} Divorce & Custody Lawyers | {Brand},{state} Area Family Law & Divorce Attorneys
51,Individual Service Area Pages (Counties),.com/{state}/areas/{county1}/,{county 1} divorce lawyers,{county 1} Family Law & Divorce Lawyers | {Brand},{county 1} Family Law & Divorce Attorneys
52,Individual Service Area Pages (Counties),.com/{state}/areas/{county2}/,{county 2} divorce lawyers,{county 2} Family Law & Divorce Lawyers | {Brand},{county 2} Family Law & Divorce Attorneys
53,Individual Service Area Pages (Counties),.com/{state}/areas/{county3}/,{county 3} divorce lawyers,{county 3} Family Law & Divorce Lawyers | {Brand},{county 3} Family Law & Divorce Attorneys
54,Individual Service Area Pages (Cities),.com/{state}/areas/{county1}/{city1}/,{service area city 1} divorce lawyers,{city 1} Family Law & Divorce Lawyers | {Brand},{city 1} Family Law & Divorce Attorneys
55,Individual Service Area Pages (Cities),.com/{state}/areas/{county1}/{city2}/,{service area city 2} divorce lawyers,{city 2} Family Law & Divorce Lawyers | {Brand},{city 2} Family Law & Divorce Attorneys
56,Individual Service Area Pages (Cities),.com/{state}/areas/{county1}/{city3}/,{service area city 3} divorce lawyers,{city 3} Family Law & Divorce Lawyers | {Brand},{city 3} Family Law & Divorce Attorneys
57,Procedure Content,.com/{state}/divorce/filing-for-divorce/,how to file for divorce in {state},How to File for Divorce in {state} | {Brand},File for Divorce in {state}
58,Procedure Content,.com/{state}/divorce/annulment/,annulment {state},How to Get an Annulment in {state} | {Brand},How to Get an Annulment in {state}
59,Procedure Content,.com/{state}/divorce/legal-separation/,legal separation {state},Legal Separation in {state} | {Brand},Legal Separation in {state}
60,Procedure Content,.com/{state}/divorce/mediation/,divorce mediation {state},{state} Divorce Mediation | {Brand},{state} Divorce Mediation
61,Procedure Content,.com/{state}/divorce/collaborative/,collaborative divorce {state},{state} Collaborative Divorce | {Brand},How a Collaborative Divorce Works in {state}
62,Procedure Content,.com/{state}/divorce/contested/,contested divorce {state},Contested Divorce in {state} | {Brand},Contested Divorce in {state}
63,Procedure Content,.com/{state}/divorce/uncontested/,uncontested divorce {state},Uncontested Divorce in {state} | {Brand},File an Uncontested Divorce in {state}
64,Procedure Content,.com/{state}/divorce/default/,default divorce {state},Default Divorce in {state} | {Brand},What is a Default Divorce in {state}?
65,Procedure Content,.com/{state}/divorce/summary-dissolution/,simplified divorce {state},Summary Dissolution in {state} | {Brand},Simplified Divorce in {state}
66,Procedure Content,.com/{state}/divorce/how-long/,modify divorce decree {state},Modifying a Divorce Decree in {state} | {Brand},Modifying a Divorce Decree After Finalization
67,Situational Content,.com/{state}/divorce/divorce-costs/,cost of divorce in {state},How Much Does a Divorce Cost in {state}? | {Brand},How Much Does a Divorce Cost in {state}?
68,Situational Content,.com/{state}/divorce/process-duration/,how long does a divorce take in {state},How Long Does A Divorce Take In {state} | {Brand},How Long Does a Divorce Take in {state}?
69,Situational Content,.com/{state}/divorce/child-custody/,child custody and divorce {state},Divorce and Child Custody in {state} | {Brand},Divorce and Child Custody in {state}
70,Situational Content,.com/{state}/divorce/child-support/,divorce and child support {state},Divorce and Child Support in {state} | {Brand},Divorce and Child Support in {state}
71,Situational Content,.com/{state}/divorce/alimony/,alimony in {state},Divorce and Alimony in {state} | {Brand},Getting Alimony during a Divorce in {state}
72,Situational Content,.com/{state}/divorce/property-division/,property division divorce {state},Divorce and Property Division in {state} | {Brand},Property Division in Divorce in {state}
74,Situational Content,.com/{state}/divorce/arbitration-vs-litigation/,arbitration vs litigation,Arbitration vs. Litigation in {state} Divorce | {Brand},Arbitration vs. Litigation in Divorce
75,Situational Content,.com/{state}/divorce/interstate/,interstate divorce {state},Interstate Divorce in {state} | {Brand},How to Handle an Interstate Divorce in {state}
76,Situational Content,.com/{state}/divorce/dating-after/,dating after divorce {state},Dating After Divorce in {state} | {Brand},Dating Again After Divorce in {state}
77,Situational Content,.com/{state}/divorce/international/,international divorce {state},International Divorce in {state} | {Brand},International Divorce Laws in {state}
78,Situational Content,.com/{state}/divorce/narcissist/,divorcing a narcissist {state},Divorcing a Narcissist in {state} | {Brand},How to Divorce a Narcissist in {state}
79,Situational Content,.com/{state}/divorce/marital-abandonment/,marital abandonment {state},Spousal Abandonment Laws in {state} | {Brand},Spousal Abandonment Laws in {state}
80,Situational Content,.com/{state}/divorce/gray-over-50/,gray divorce {state},Gray Divorce in {state} | {Brand},Navigating Gray Divorce in {state}
81,Situational Content,.com/{state}/divorce/social-media/,social media and divorce {state},Social Media and Divorce in {state} | {Brand},Social Media and Divorce: What You Need to Know
82,Legal Description Content,.com/{state}/divorce/laws/,{state} divorce laws,{state} Divorce Laws | {Brand},{state} Divorce Laws
83,Legal Description Content,.com/{state}/divorce-grounds/,grounds for divorce in {state},Grounds For Divorce in {state} | {Brand},Common Reasons People Get Divorced in {state}
84,Legal Description Content,.com/{state}/divorce/no-fault-vs-fault/,fault vs no fault divorce {state},Is {state} a Fault or No Fault Divorce State? | {Brand},Is {state} a Fault or No Fault Divorce State?
85,Legal Description Content,.com/{state}/domestic-violence/protective-orders/,protective order {state},Domestic Violence & Protective Orders in {state} | {Brand},Domestic Violence & Protective Orders in {state}
86,Legal Description Content,.com/{state}/divorce/residency-requirements/,divorce residency requirements {state},{state} Divorce Residency Requirements | {Brand},{state} Divorce Residency Requirements
87,Legal Description Content,.com/{state}/divorce/same-sex-couples-lgbt/,same sex divorce {state},Same-Sex Divorce in {state} | {Brand},Same-Sex Divorce Laws in {state}
88,Legal Description Content,.com/{state}/divorce/tax-implications/,divorce tax implications {state},Tax Implications of Divorce in {state} | {Brand},Tax Implications of Divorce in {state}
89,Procedure Content,.com/{state}/child-custody/modification/,child custody modification {state},Modify Child Custody in {state} | {Brand},Modify Child Custody & Placement in {state}
90,Procedure Content,.com/{state}/child-custody/enforcement/,child custody enforcement {state},Enforce Custody Orders in {state} | {Brand},Enforce Custody Orders in {state}
91,Procedure Content,.com/{state}/child-custody/termination/,terminating parental rights {state},Terminating Parental Rights in {state} | {Brand},Terminating Parental Rights in {state}
92,Procedure Content,.com/{state}/child-custody/temporary-order/,temporary custody order {state},Temporary Custody in {state} | {Brand},Temporary Custody in {state}
93,Situational Content,.com/{state}/child-custody/co-parenting-tools/,co parenting apps approved by {state} courts,{state} Approved Co-Parenting Apps | {Brand},{state} Approved Co-Parenting Apps & Tools
94,Situational Content,.com/{state}/child-custody/parental-alienation/,parental alienation {state} custody,Parental Alienation in {state} | {Brand},Parental Alienation in {state}
95,Situational Content,.com/{state}/child-custody/contempt-of-court-orders/,contempt of court child custody {state},Contempt Of Court With Child Custody in {state} | {Brand},Contempt Of Court With Child Custody
96,Situational Content,.com/{state}/child-custody/parenting-plan-violation/,parenting plan violation {state},Violation Of Parenting Plan in {state} | {Brand},Violation Of Parenting Plan in {state}
97,Situational Content,.com/{state}/child-custody/hearing-preparation/,how to prepare for child custody hearing,How to Prepare for a Child Custody Hearing in {state} | {Brand},How to Prepare for a Child Custody Hearing
98,Situational Content,.com/{state}/child-custody/co-parenting-narcissist/,co parenting with a narcissist {state},Co-Parenting With A Narcissist in {state} | {Brand},Co-Parenting With a Narcissist in {state}
99,Situational Content,.com/{state}/child-custody/co-parenting-difficult-spouse/,co parenting with a difficult ex {state},Co-Parenting with a Difficult Ex in {state} | {Brand},Co-Parenting with a Difficult Ex
100,Situational Content,.com/{state}/child-custody/name-change/,child name change {state},Can I Change Child's Last Name in {state}? | {Brand},Can I Change Child's Last Name in {state}?
101,Situational Content,.com/{state}/child-custody/relocating-children/,relocating with child after divorce {state},Relocating with Children After Divorce in {state} | {Brand},Relocating with Children After Divorce
102,Situational Content,.com/{state}/child-custody/special-needs-children/,special needs child custody {state},Custody for Children with Special Needs in {state} | {Brand},Managing Custody for Children with Special Needs
103,Situational Content,.com/{state}/child-custody/military-families/,military child custody {state},Military Child Custody in {state} | {Brand},Navigating Custody Challenges in Military Families
104,Legal Description Content,.com/{state}/child-custody/50-50-custody/,50/50 custody {state},50/50 Joint Custody Schedules in {state} | {Brand},50/50 Joint Custody and Placement Schedules in {state}
105,Legal Description Content,.com/{state}/child-custody/abandonment-laws/,child abandonment laws {state},Child Abandonment Laws in {state} | {Brand},Child Abandonment Laws in {state}
106,Legal Description Content,.com/{state}/child-custody/co-parenting-agreement/,co parenting agreement {state},Co Parenting in {state} | {Brand},Co-Parenting in {state}
107,Legal Description Content,.com/{state}/child-custody/placement-laws/,child placement laws {state},Child Placement Laws in {state} | {Brand},The Difference Between Custody and Placement in {state}
108,Legal Description Content,.com/{state}/child-custody/role-guardian-ad-litem-gal/,guardian ad litem {state},What Is a Guardian ad Litem in {state}? | {Brand},What Is a Guardian ad Litem and What Do They Do?
109,Legal Description Content,.com/{state}/child-custody/child-preference-age/,what age can a child choose parent in {state},Child's Custody Preference in {state} | {Brand},When Can a Child Choose Which Parent to Live With in {state}?
110,Legal Description Content,.com/{state}/child-custody/laws/,{state} child custody laws,{state} Child Custody Laws | {Brand},{state} Child Custody Laws
111,Legal Description Content,.com/{state}/child-custody/sole-custody/,sole custody {state},Sole and Full Custody in {state} | {Brand},Sole Custody in {state}
112,Legal Description Content,.com/{state}/child-custody/full-custody/,full custody {state},Full Custody in {state} | {Brand},Full Custody in {state}
113,Legal Description Content,.com/{state}/child-custody/grandparent-third-party-visitation/,grandparents visitation rights {state},Grandparents Visitation Rights in {state} | {Brand},Grandparents Rights in {state}
114,Legal Description Content,.com/{state}/child-custody/legal-custody/,legal custody {state},Legal Custody in {state} | {Brand},What is Legal Custody in {state}?
115,Legal Description Content,.com/{state}/child-custody/physical-custody/,physical custody {state},Physical Custody in {state} | {Brand},Physical Custody vs. Legal Custody in {state}
116,Legal Description Content,.com/{state}/child-custody/hybrid-arrangements/,hybrid custody {state},Hybrid Custody Arrangements in {state} | {Brand},Hybrid Custody Arrangements
117,Legal Description Content,.com/{state}/child-custody/joint-custody-vs-sole-custody/,joint custody vs sole custody {state},Joint Custody vs. Sole Custody in {state} | {Brand},Joint Custody vs. Sole Custody in {state}
118,Legal Description Content,.com/{state}/child-custody/unmarried-parents-custody-rights/,unmarried parents custody rights {state},Unmarried Parents Custody Rights in {state} | {Brand},Custody Rights for Unmarried Parents in {state}
119,Legal Description Content,.com/{state}/child-custody/best-interest-of-child/,best interest of the child {state},Best Interest of the Child in {state} | {Brand},Determining the Best Interest of the Child
120,Legal Description Content,.com/{state}/child-custody/visitation-rights-schedule-options/,child visitation schedule {state},Visitation Rights and Schedules in {state} | {Brand},Visitation Rights and Schedules
121,Procedure Content,.com/{state}/child-support/modification/,child support modification {state},Modify {state} Child Support | {Brand},Modify {state} Child Support Orders
122,Procedure Content,.com/{state}/child-support/enforcement/,{state} child support enforcement,Enforce {state} Child Support Orders | {Brand},Enforce {state} Child Support Orders
123,Procedure Content,.com/{state}/child-support/termination/,when does child support end in {state},Child Support Timeline in {state} | {Brand},When Does Child Support End in {state}?
124,Procedure Content,.com/{state}/child-support/how-to-file/,how to file for child support in {state},How to File for Child Support in {state} | {Brand},How to File for Child Support in {state}
125,Situational Content,.com/{state}/child-support/single-parent-support/,single parent help {state},Supporting Kids as a Single Parent in {state} | {Brand},Supporting Kids as a Single Parent in {state}
126,Situational Content,.com/{state}/child-support/self-employed/,child support for self employed in {state},Child Support for Self-Employed Parents in {state} | {Brand},Child Support for Self-Employed Parents
127,Situational Content,.com/{state}/child-support/wage-garnishments/,wage garnishment child support {state},Wage Garnishment for Child Support in {state} | {Brand},Understanding Wage Garnishment for Child Support
128,Situational Content,.com/{state}/child-support/special-needs-children/,child support for special needs child {state},Child Support for Children with Special Needs in {state} | {Brand},Child Support for Children with Special Needs
129,Situational Content,.com/{state}/child-support/military-families/,child support military {state},Child Support for Military Families in {state} | {Brand},Child Support for Military Families
130,Situational Content,.com/{state}/child-support/unemployment-payment-obligations/,child support if unemployed {state},Child Support Payments when Unemployed in {state} | {Brand},Child Support Payments when Unemployed
131,Situational Content,.com/{state}/child-support/no-support-agreement/,can parents waive child support in {state},Can Parents Agree to No Child Support in {state}? | {Brand},Can Parents Agree to No Child Support?
132,Situational Content,.com/{state}/child-support/retroactive/,retroactive child support {state},Retroactive Child Support Orders in {state} | {Brand},Retroactive Child Support Orders
133,Legal Description Content,.com/{state}/child-support/support-end-age/,when does child support end,End {state} Child Support Payments | {Brand},End Court-Ordered Child Support in {state}
134,Legal Description Content,.com/{state}/child-support/laws/,{state} child support laws,{state} Child Support Laws | {Brand},{state} Child Support Laws
135,Legal Description Content,.com/{state}/child-support/documents-required/,documents needed for child support {state},Documentation for Child Support in {state} | {Brand},Documents Required for Child Support Cases
136,Legal Description Content,.com/{state}/child-support/income-shares-vs-percentage/,income shares vs percentage of income,Income Shares vs. Percentage-of-Income Models | {Brand},Income Shares vs. Percentage-of-Income Models in {state}
137,Legal Description Content,.com/{state}/child-support/voluntary-unemployment-obligations,voluntary unemployment and child support {state},Voluntary Unemployment & Child Support in {state} | {Brand},Voluntary Unemployment & Child Support
138,Legal Description Content,.com/{state}/child-support/tax-implications/,is child support taxable in {state},How Child Support Impacts Taxes in {state} | {Brand},Tax Consequences of Child Support in {state}
139,Legal Description Content,.com/{state}/child-support/arrears-penalties/,child support arrears {state},Child Support Arrears and Penalties in {state} | {Brand},Child Support Arrears and Penalties
140,Procedure Content,.com/{state}/alimony/modification/,alimony modification {state},Modify {state} Alimony Orders | {Brand},Modify Alimony Orders in {state}
141,Procedure Content,.com/{state}/alimony/enforcement/,enforce alimony {state},Enforce {state} Alimony Orders | {Brand},Enforce {state} Alimony Orders
142,Procedure Content,.com/{state}/alimony/termination/,terminate alimony {state},{state} Spousal Support Termination | {Brand},Terminate {state} Alimony Orders
143,Procedure Content,.com/{state}/alimony/appeal-court-orders/,alimony appeal {state},Alimony Appeals in {state} | {Brand},Alimony Appeals in {state}
144,Situational Content,.com/{state}/alimony/avoid-paying/,how to avoid paying alimony in {state},How to Avoid Paying Alimony in {state} | {Brand},How to Avoid Paying Alimony in {state}
145,Situational Content,.com/{state}/alimony/post-divorce-budgeting/,post divorce budgeting {state},Budgeting for Post-Divorce Life in {state} | {Brand},Budgeting for Post-Divorce Life
146,Situational Content,.com/{state}/alimony/mediation-process/,alimony mediation {state},Alimony Mediation in {state} | {Brand},Alimony Mediation in {state}
147,Situational Content,.com/{state}/alimony/documentation-required/,documents needed for alimony in {state},Documentation Required for Alimony in {state} | {Brand},Documentation Required for Alimony Cases
148,Situational Content,.com/{state}/alimony/gray-divorce/,gray divorce {state},Gray Divorce in {state} | {Brand},Alimony in Gray Divorce
149,Situational Content,.com/{state}/alimony/high-asset-divorces/,high asset divorce {state},Alimony in High-Asset Divorces in {state} | {Brand},Alimony in High-Asset Divorces
150,Situational Content,.com/{state}/alimony/retirement-obligations/,alimony after retirement {state},Alimony Obligations during Retirement in {state} | {Brand},Alimony Obligations during Retirement
151,Situational Content,.com/{state}/alimony/remarriage-impact/,remarriage effect on alimony {state},Impact of Remarriage on Alimony in {state} | {Brand},Impact of Remarriage on Alimony Payments
152,Situational Content,.com/{state}/alimony/long-term-marriages/,alimony long term marriage {state},Alimony for Long-Term Marriages in {state} | {Brand},Alimony for Long-Term Marriages
153,Situational Content,.com/{state}/alimony/stay-at-home-parent/,stay at home parent alimony {state},Alimony for Stay-at-Home Parents in {state} | {Brand},Alimony for Stay-at-Home Parents
154,Legal Description Content,.com/{state}/alimony/marriage-length-for-alimony/,how long do you have to be married to get alimony {state},Length & Duration of Alimony Payments in {state} | {Brand},Length & Duration of Spousal Support in {state}
155,Legal Description Content,.com/{state}/alimony/laws/,{state} alimony laws,{state} Alimony Laws | {Brand},{state} Alimony Laws
156,Legal Description Content,.com/{state}/alimony/temporary/,temporary alimony {state},Temporary Alimony in {state} | {Brand},Temporary Alimony in {state}
157,Legal Description Content,.com/{state}/alimony/bridge-the-gap/,bridge the gap alimony {state},Bridge the Gap Alimony in {state} | {Brand},Bridge the Gap Alimony
158,Legal Description Content,.com/{state}/alimony/rehabilitative/,rehabilitative alimony {state},Rehabilitative Alimony in {state} | {Brand},Rehabilitative Alimony
159,Legal Description Content,.com/{state}/alimony/durational/,durational alimony {state},Durational Alimony in {state} | {Brand},Durational Alimony
160,Legal Description Content,.com/{state}/alimony/permanent-lifetime/,permanent alimony {state},Permanent Alimony in {state} | {Brand},Permanent Alimony in {state}
161,Legal Description Content,.com/{state}/alimony/types/,types of alimony in {state},What are the Different Types of Alimony in {state}? | {Brand},Types of Alimony in {state}
162,Legal Description Content,.com/{state}/alimony/payment-reimbursement/,alimony reimbursement {state},Alimony Payment Reimbursement in {state} | {Brand},Alimony Payment Reimbursement
163,Legal Description Content,.com/{state}/alimony/cohabitation/,cohabitation effect on alimony {state},Cohabitation on Alimony in {state} | {Brand},Cohabitation and Alimony in {state}
164,Legal Description Content,.com/{state}/alimony/factors-courts-consider/,factors for alimony in {state},Factors Courts Consider for Alimony in {state} | {Brand},Factors Courts Consider for Alimony
165,Legal Description Content,.com/{state}/alimony/tax-implications/,alimony tax laws {state},Tax Implications of Alimony in {state} | {Brand},Tax Implications of Alimony Payments
166,Legal Description Content,.com/{state}/alimony/unemployment-obligations/,paying alimony while unemployed {state},Adjusting Alimony Payments in {state} | {Brand},How to Keep up with Alimony Payments After a Job Loss
167,Legal Description Content,.com/{state}/alimony/arrears-penalties/,alimony arrears {state},What to Do If Your Ex Stopped Paying Alimony | {Brand},Alimony Arrears and Enforcement in {state}
168,Procedure Content,.com/{state}/property-division/modification/,modify divorce decree {state},Property Division Modification in {state} | {Brand},Property Division Modification
169,Procedure Content,.com/{state}/property-division/enforcement/,enforce divorce decree {state},Enforcing Property Division Orders in {state} | {Brand},Enforcing {state} Property Division Orders
170,Procedure Content,.com/{state}/property-division/petition/,property division petition {state},Petition for Property Division in {state} | {Brand},Petition for Property Division
171,Procedure Content,.com/{state}/property-division/appeal-court-orders/,appeal divorce decree {state},Appealing Property Division Orders in {state} | {Brand},Appealing Property Division Orders
172,Situational Content,.com/{state}/property-division/who-gets-house/,who gets the house in a divorce {state},Who Gets the House in a Divorce in {state}? | {Brand},Who Gets the House in a Divorce in {state}?
173,Situational Content,.com/{state}/property-division/documentation-required/,divorce property division documents {state},How to fill out a Financial Disclosure Statement | {Brand},How to fill out a Financial Disclosure Statement in {state}
174,Situational Content,.com/{state}/property-division/mediation/,divorce mediation {state},Property Division Mediation in {state} | {Brand},Property Division Mediation
175,Situational Content,.com/{state}/property-division/hidden-assets/,hidden assets in divorce {state},How To Find Hidden Assets During a Divorce in {state} | {Brand},How to Find Hidden Assets During a Divorce in {state}
176,Situational Content,.com/{state}/property-division/qdro-retirement-accounts/,QDRO {state} divorce,Dividing Retirement Accounts During a Divorce | {Brand},How to Divide Retirement Accounts During a Divorce in {state}
177,Situational Content,.com/{state}/property-division/high-net-worth/,high net worth divorce {state},High-Net-Worth Divorces in {state} | {Brand},High-Net-Worth Divorces in {state}
178,Situational Content,.com/{state}/property-division/military-divorce/,military divorce {state},Military Divorce & Property Division in {state} | {Brand},Military Divorce & Property Division
179,Situational Content,.com/{state}/property-division/business-owner-entreprenuer/,divorce business owner {state},Leaving Your Ex And the Family Business | {Brand},How Can I Leave the Family Business and My Ex?
180,Situational Content,.com/{state}/property-division/cryptocurrency/,divorce cryptocurrency {state},Dividing Cryptocurrency in a Divorce in {state} | {Brand},Dividing Cryptocurrency in a Divorce
181,Situational Content,.com/{state}/property-division/future-inheritances/,inheritance in divorce {state},Inheritance & Divorce in {state} | {Brand},Inheritance and Divorce in {state}?
182,Situational Content,.com/{state}/property-division/long-term-marriages/,long term marriage divorce {state},Property Division for Long-Term Marriages in {state} | {Brand},Property Division for Long-Term Marriages
183,Situational Content,.com/{state}/property-division/stay-at-home-parents/,divorce stay at home parent {state},Property Division for Stay-at-Home Parents in {state} | {Brand},Property Division for Stay-at-Home Parents
184,Legal Description Content,.com/{state}/property-division/non-marital-property/,non marital property {state},What is Non-Marital Property in {state}? | {Brand},What Is Non-Marital Property in {state}?
185,Legal Description Content,.com/{state}/property-division/laws/,property division laws in {state},{state} Property Division Laws | {Brand},{state} Property Division Laws
186,Legal Description Content,.com/{state}/property-division/marital-property/,marital property {state},{state} Marital Property Law | {Brand},{state} Marital Property Laws
187,Legal Description Content,.com/{state}/property-division/community-property-state/,is {state} a community property state,Is {state} A Community Property State? | {Brand},Is {state} A Community Property State?
188,Legal Description Content,.com/{state}/property-division/equitable-vs-community/,{state} equitable distribution or community property,Equitable Distribution vs. Community Property in {state} | {Brand},Equitable Distribution vs. Community Property
189,Legal Description Content,.com/{state}/property-division/investment-valuation/,divorce investment valuation {state},Investment Valuations for Property Division in {state} | {Brand},Investment Valuations for Property Division
190,Legal Description Content,.com/{state}/property-division/business-valuation/,business valuation divorce {state},Business Valuations during Divorce in {state} | {Brand},Business Valuations during Divorce
191,Legal Description Content,.com/{state}/property-division/seperate-vs-marital/,separate vs marital property {state},Separate vs. Marital Property in {state} | {Brand},Understanding Separate vs. Marital Property
192,Legal Description Content,.com/{state}/property-division/commingled-assets/,commingled assets divorce {state},Commingled Assets in {state} Divorce | {Brand},Legal Implications of Commingled Assets
193,Legal Description Content,.com/{state}/property-division/factors-courts-consider/,factors in property division {state} divorce,Factors Courts Consider in Property Division in {state} | {Brand},Factors Courts Consider in Property Division
194,Legal Description Content,.com/{state}/property-division/tax-implications/,tax consequences divorce property division {state},Tax Consequences of Property Division in {state} | {Brand},Tax Consequences of Property Division
195,Procedure Content,.com/{state}/guardianship/petitioning/,how to petition for guardianship in {state},Petitioning For Legal Guardianship in {state} | {Brand},Petitioning For Legal Guardianship
196,Procedure Content,.com/{state}/guardianship/establishing/,how to establish guardianship in {state},Establishing Guardianship in {state} | {Brand},How to Establish Guardianship in {state}
197,Procedure Content,.com/{state}/guardianship/appointing-guardian/,appointing a legal guardian in {state},Appointing a Guardian in {state} | {Brand},Selecting & Appointing a Guardian
198,Procedure Content,.com/{state}/guardianship/modifying/,modify guardianship {state},Modifying Guardianship in {state} | {Brand},Modifying Guardianship in {state}
199,Procedure Content,.com/{state}/guardianship/reviewing/,guardianship review process {state},Reviewing Guardianship in {state} | {Brand},Guardianship Review Process in {state}
200,Procedure Content,.com/{state}/guardianship/terminating/,how to terminate guardianship in {state},Terminating Guardianship in {state} | {Brand},How to Terminate Guardianship in {state}
201,Procedure Content,.com/{state}/guardianship/contesting/,contesting guardianship in {state},Contesting a Guardianship Petition in {state} | {Brand},Contesting a Guardianship Petition
202,Situational Content,.com/{state}/guardianship/minor/,minor guardianship {state},Minor Guardianship in {state} | {Brand},Minor Guardianship in {state}
203,Situational Content,.com/{state}/guardianship/adult/,adult guardianship {state},Adult Guardianship in {state} | {Brand},Adult Guardianship in {state}
204,Situational Content,.com/{state}/guardianship/guardian-ad-litem-guardianship-cases/,guardianship guardian ad litem {state},Guardian ad Litem in Guardianship Cases | {Brand},Guardian ad Litem in Guardianship Cases
205,Situational Content,.com/{state}/guardianship/incapacitated-adult/,guardianship for incapacitated adult {state},Incapacitated Adult Guardianship in {state} | {Brand},Incapacitated Adult Guardianship
206,Situational Content,.com/{state}/guardianship/non-citizen-minor/,guardianship for undocumented minor {state},Guardianship for Non-U.S. Citizen Minors in {state} | {Brand},Guardianship for Non-U.S. Citizen Minors
207,Situational Content,.com/{state}/guardianship/emergency-temporary/,emergency guardianship {state},Emergency & Temporary Guardianship in {state} | {Brand},Emergency & Temporary Guardianship
208,Situational Content,.com/{state}/guardianship/elder/,elderly guardianship {state},Elder Guardianship in {state} | {Brand},Elder Guardianship in {state}
209,Situational Content,.com/{state}/guardianship/special-needs/,special needs guardianship {state},Guardianship for Special Needs Individuals in {state} | {Brand},Guardianship for Special Needs Individuals
210,Legal Description Content,.com/{state}/guardianship/laws/,what is guardianship in {state},{state} Guardianship Laws | {Brand},{state} Guardianship Laws
211,Legal Description Content,.com/{state}/guardianship/documentation-required/,guardianship paperwork {state},{state} Guardianship Forms | {Brand},{state} Guardianship Forms
212,Legal Description Content,.com/{state}/guardianship/guardian-rights-responsibilities/,guardian responsibilities {state},Rights & Responsibilities of a Guardian in {state} | {Brand},Rights & Responsibilities of a Guardian
213,Legal Description Content,.com/{state}/guardianship/ward-rights-protections/,ward rights under guardianship {state},Rights & Protections for the Ward in {state} | {Brand},Rights & Protections for the Ward
214,Legal Description Content,.com/{state}/guardianship/power-of-attorney-directives/,power of attorney vs guardianship {state},Powers of Attorney & Advance Directives in {state} | {Brand},Powers of Attorney & Advance Directives
215,Legal Description Content,.com/{state}/guardianship/trusts-conservatorships/,conservatorship vs guardianship {state},Trusts & Conservatorships in {state} | {Brand},Trusts & Conservatorships in {state}
216,Legal Description Content,.com/{state}/guardianship/guardianship-vs-conservatorship/,difference between guardianship and conservatorship {state},Guardianship vs. Conservatorship in {state} | {Brand},Differences Between Guardianship and Conservatorship
217,Legal Description Content,.com/{state}/guardianship/person-vs-estate/,guardian of person vs estate {state},Types of Guardianship in {state} | {Brand},Types of Guardianship in {state}
218,Procedure Content,.com/{state}/paternity/establishing/,establishing paternity in {state},Establishing Paternity in {state} | {Brand},Establishing Paternity in {state}
219,Procedure Content,.com/{state}/paternity/challenging-disestablishing/,how to disestablish paternity in {state},Challenging or Disestablishing Paternity in {state} | {Brand},How to Disestablish Paternity in {state}
220,Procedure Content,.com/{state}/paternity/voluntary-acknowledgement/,voluntary acknowledgment of paternity {state},Voluntary Acknowledgment of Paternity in {state} | {Brand},Voluntary Acknowledgment of Paternity
221,Situational Content,.com/{state}/paternity/surrogacy-assisted-reproduction/,paternity laws surrogacy {state},Paternity in Surrogacy & Assisted Reproduction | {Brand},Paternity in Surrogacy & Assisted Reproduction
222,Situational Content,.com/{state}/paternity/same-sex-families/,paternity rights same sex couples {state},Paternity in Same-sex Families in {state} | {Brand},Paternity in Same-sex Families
223,Situational Content,.com/{state}/paternity/dna-testing-orders/,dna paternity testing {state},DNA Testing during Paternity Cases in {state} | {Brand},DNA Testing during Paternity Cases
224,Situational Content,.com/{state}/paternity/posthumous/,posthumous paternity {state},Posthumous Paternity in {state} | {Brand},Posthumous Paternity in {state}
225,Situational Content,.com/{state}/paternity/infidelity/,paternity and infidelity {state},Paternity Cases with Infidelity in {state} | {Brand},Paternity Cases with Infidelity
226,Situational Content,.com/{state}/paternity/military-families/,military paternity rights {state},Paternity for Military Families in {state} | {Brand},Paternity for Military Families
227,Situational Content,.com/{state}/paternity/deceased-father/,paternity rights deceased father {state},Paternity in Cases of Deceased Fathers in {state} | {Brand},Paternity in Cases of Deceased Fathers
228,Situational Content,.com/{state}/paternity/fraud-consequences/,paternity fraud {state},Paternity Fraud Consequences in {state} | {Brand},Paternity Fraud Consequences
229,Legal Description Content,.com/{state}/paternity/laws/,{state} paternity laws,{state} Paternity Laws | {Brand},{state} Paternity Laws
230,Legal Description Content,.com/{state}/paternity/court-order/,court ordered paternity test {state},Court Order Of Paternity in {state} | {Brand},Court Order Of Paternity
231,Legal Description Content,.com/{state}/paternity/fathers-rights/,fathers rights in {state},Father's Rights in {state} | {Brand},Father's Rights in {state}
232,Procedure Content,.com/{state}/adoption/process/,adoption process in {state},Adoption Process in {state} | {Brand},Adoption Process in {state}
233,Procedure Content,.com/{state}/adoption/contesting-process/,how to contest an adoption in {state},Contesting Adoptions in {state} | {Brand},How to Contest an Adoption in {state}
234,Procedure Content,.com/{state}/adoption/reverse-vacate-orders/,reverse adoption in {state},Reverse or Vacate an Adoption in {state} | {Brand},Reverse or Vacate an Adoption
235,Situational Content,.com/{state}/adoption/domestic/,domestic adoption {state},Domestic Adoption in {state} | {Brand},Domestic Adoption in {state}
236,Situational Content,.com/{state}/adoption/international/,international adoption {state},International Adoption in {state} | {Brand},International Adoption in {state}
237,Situational Content,.com/{state}/adoption/foster-care/,foster care adoption {state},Foster Care Adoption in {state} | {Brand},Foster Care Adoption in {state}
238,Situational Content,.com/{state}/adoption/kinship/,kinship adoption {state},Relative (Kinship) Adoption in {state} | {Brand},Relative (Kinship) Adoption
239,Situational Content,.com/{state}/adoption/stepparent/,stepparent adoption {state},Stepparent Adoption in {state} | {Brand},Stepparent Adoption in {state}
240,Situational Content,.com/{state}/adoption/adult/,adult adoption {state},Adult Adoption in {state} | {Brand},Adult Adoption in {state}
241,Situational Content,.com/{state}/adoption/embryo/,embryo adoption {state},Embryo Adoption in {state} | {Brand},Embryo Adoption in {state}
242,Situational Content,.com/{state}/adoption/lgbt/,LGBT adoption {state},LGBT Adoption in {state} | {Brand},LGBT Adoption in {state}
243,Situational Content,.com/{state}/adoption/single-parent/,single parent adoption {state},Single Parent Adoption in {state} | {Brand},Single Parent Adoption in {state}
244,Situational Content,.com/{state}/adoption/preparing-family/,preparing for adoption,Preparing Your Family for Adoption | {Brand},Preparing Your Family for Adoption
245,Situational Content,.com/{state}/adoption/attachment-and-bonding-strategies/,adoption bonding strategies,Attachment & Bonding Strategies | {Brand},Attachment & Bonding Strategies
246,Situational Content,.com/{state}/adoption/talking-about/,how to talk to your child about adoption,Talking about Adoption | {Brand},Talking about Adoption
247,Situational Content,.com/{state}/adoption/transracial/,transracial adoption pros and cons,Transracial Adoption Considerations | {Brand},Transracial Adoption Considerations
248,Situational Content,.com/{state}/adoption/transcultural/,transcultural adoption,Transcultural Adoption Considerations | {Brand},Transcultural Adoption Considerations
249,Legal Description Content,.com/{state}/adoption/parental-rights-consent/,parental consent for adoption in {state},Parental Rights & Consent in {state} | {Brand},Parental Rights & Consent for Adoption
250,Legal Description Content,.com/{state}/adoption/laws/,{state} adoption laws,{state} Adoption Laws | {Brand},{state} Adoption Laws
251,Legal Description Content,.com/{state}/adoption/interstate-compact/,ICPC adoption {state},Interstate Compact on the Placement of Children | {Brand},Interstate Compact on the Placement of Children (ICPC)
252,Legal Description Content,.com/{state}/adoption/decree-final-orders/,final adoption decree {state},Adoption Decree & Final Orders in {state} | {Brand},Adoption Decree & Final Orders
253,Legal Description Content,.com/{state}/adoption/assistance-agreements/,adoption assistance {state},Adoption Assistance Agreements in {state} | {Brand},Adoption Assistance Agreements
254,Legal Description Content,.com/{state}/adoption/open-vs-closed-requirements/,open vs closed adoption {state},Open vs. Closed Adoptions in {state} | {Brand},Open vs. Closed Adoptions
255,Legal Description Content,.com/{state}/adoption/post-adoption-contact/,post adoption contact agreement {state},Post-Adoption Contact Agreements in {state} | {Brand},Post-Adoption Contact Agreements
256,Procedure Content,.com/{state}/prenup-postnup/enforcing-prenuptial-agreements/,enforce prenuptial agreement {state},Enforcing Prenuptial Agreements in {state} | {Brand},Enforcing Prenuptial Agreements in {state}
257,Procedure Content,.com/{state}/prenup-postnup/challenging-prenuptial-agreement/,contesting prenuptial agreement {state},Challenging a Prenuptial Agreement in {state} | {Brand},Challenging a Prenuptial Agreement
258,Procedure Content,.com/{state}/prenup-postnup/prenuptial-agreement-drafting/,prenuptial agreement lawyer {state},Prenuptial Agreement Drafting in {state} | {Brand},Prenuptial Agreement Drafting
259,Situational Content,.com/{state}/prenup-postnup/talking-about-prenuptial-agreements/,how to talk about prenuptial agreements,How to Start Talking about Prenuptial Agreements | {Brand},How to Start Talking about Prenuptial Agreements
260,Situational Content,.com/{state}/prenup-postnup/prenuptial-negotiation-tips/,prenuptial agreement negotiation {state},Prenuptial Negotiation Tips in {state} | {Brand},Prenuptial Negotiation Tips
261,Situational Content,.com/{state}/prenup-postnup/prenups-high-net-worth/,high net worth prenuptial agreement {state},Prenups for High-Net-Worth Couples in {state} | {Brand},Prenuptial Agreements for High-Net-Worth Couples
262,Situational Content,.com/{state}/prenup-postnup/prenups-entrepreneurs-family-business/,prenuptial agreement business owner {state},Prenups for Entrepreneurs in {state} | {Brand},Prenuptial Agreements for Entrepreneurs & Business Owners
263,Situational Content,.com/{state}/prenup-postnup/prenups-same-sex-couples/,same sex prenuptial agreement {state},Prenups for Same-Sex Couples in {state} | {Brand},Prenuptial Agreements for Same-Sex Couples
264,Situational Content,.com/{state}/prenup-postnup/prenups-young-professionals/,prenuptial agreement young couples {state},Prenups for Young Professionals in {state} | {Brand},Prenuptial Agreements for Young Professionals
265,Situational Content,.com/{state}/prenup-postnup/prenups-military-families/,military prenuptial agreement {state},Prenups for Military Families in {state} | {Brand},Prenuptial Agreements for Military Families
266,Situational Content,.com/{state}/prenup-postnup/prenups-age-gaps/,age gap prenuptial agreement {state},Prenups for Couples with Age Gaps in {state} | {Brand},Prenuptial Agreements for Couples with Significant Age Gaps
267,Situational Content,.com/{state}/prenup-postnup/insuring-prenup-obligations/,prenuptial agreement insurance {state},Insuring Prenup Obligations in {state} | {Brand},Insuring Prenup Obligations
268,Legal Description Content,.com/{state}/prenup-postnup/laws/,what is a prenuptial agreement in {state},Prenuptial Agreements in {state} | {Brand},Prenuptial Agreements in {state}
269,Legal Description Content,.com/{state}/prenup-postnup/history-of-prenups/,history of prenuptial agreements,History of Prenups | {Brand},History of Prenuptial Agreements
270,Legal Description Content,.com/{state}/prenup-postnup/prenup-vs-postnup/,prenup vs postnup {state},Prenup vs Postnups in {state} | {Brand},How Do Postnuptial Agreements Work in {state}?
271,Legal Description Content,.com/{state}/prenup-postnup/uniform-premarital-agreement-act/,uniform premarital agreement act,Uniform Premarital Agreement Act (UPAA) | {Brand},Uniform Premarital Agreement Act (UPAA)
272,Legal Description Content,.com/{state}/prenup-postnup/prenuptial-laws/,{state} prenuptial agreement laws,{state} Prenuptial Agreement Laws | {Brand},{state} Prenuptial Agreement Laws
273,Legal Description Content,.com/{state}/prenup-postnup/key-provisions-prenups/,prenuptial agreement clauses {state},Key Provisions of Prenups in {state} | {Brand},Key Provisions of Prenuptial Agreements
274,Review Hub Page,.com/{state}/reviews/,{brand} reviews,Reviews | {state} | {Brand},{Brand} Reviews
275,Blog Hub Page,.com/{state}/blog/,{brand} family law blog,{state} Family Law Blog | {Brand},{state} Family Law Blog
276,About / Firm Story,.com/our-story/,{brand} story,About Us | {Brand},About Us
277,Privacy Policy,.com/privacy-policy/,{brand} privacy policy,Privacy Policy | {state} | {Brand},Privacy Policy & Terms and Conditions
278,Terms of Service,.com/terms-of-service/,{brand} terms of service,Terms of Service | {Brand},Terms of Service
279,Awards,.com/awards/,{brand} awards,Awards | {Brand},Awards & Recognition
280,In the News,.com/news/,{brand} news,In the News | {Brand},{Brand} In the News
281,Careers,.com/careers/,{brand} careers,Careers | {Brand},Career Opportunities
282,Child Support Calculator,.com/{state}/child-support/calculator/,{state} child support calculator,{state} Child Support Calculators & Worksheets {year} | {Brand},Calculate {state} Child Support Payments
283,Alimony Calculator,.com/{state}/alimony/calculator/,{state} alimony calculator,{state} Alimony Calculator ({year}) | {Brand},{state} Alimony Calculator
284,Property Division Worksheet,.com/{state}/property-division/worksheet/,{state} divorce property division worksheet,Splitting Assets Worksheet for Divorce in {state} | {Brand},{state} Property Division Worksheet
285,Parenting Plan Template,.com/{state}/child-custody/parenting-plans/template,{state} parenting plan template,{state} Parenting Plan Template | {Brand},{state} Parenting Plan Template
286,DIY Divorce Forms,.com/{state}/divorce/forms-diy/,{state} diy divorce forms,(Free) {state} Divorce Forms | {Brand},{state} Divorce Forms
287,Hub Page,.com/{state}/events/,{state} family law education events,Divorce Webinars & Educational Events in {state} | {Brand},Divorce Webinars & Educational Events in {state}
288,Recorded Webinars,.com/{state}/events/{webinar1},{state} divorce webinar,{year} {state} Divorce Webinar | {Brand},{year} {state} Divorce Webinar
289,Recorded Webinars,.com/{state}/events/{webinar2},{state} co-parenting webinar,{year} {state} Co-Parenting Webinar | {Brand},{year} {state} Co-Parenting Webinar
290,Live Workshops (Seminars),.com/{state}/events/{workshop1},{state} divorce seminar,Divorce Workshops in {state} | {Brand},Attend a {state} Divorce Workshop
291,Live Workshops (Seminars),.com/{state}/events/{workshop2},{state} co-parenting seminar,Co-Parenting Workshops in {state} | {Brand},Attend a {state} Co-Parenting Workshop