Page URL,Consolidated LegalService Schema (JSON-LD),GTM Custom HTML Block
https://lawlancaster.com/divorce-in-lancaster-pa-attorney-family-law/,"{""@context"":""https://schema.org"",""@type"":""LegalService"",""@id"":""https://lawlancaster.com/divorce-in-lancaster-pa-attorney-family-law/#legalservice"",""name"":""Lancaster Law Group - Divorce"",""legalName"":""Lancaster Law Group"",""description"":""Pennsylvania Divorce legal representation from Lancaster Law Group in Lancaster County, Pennsylvania."",""parentOrganization"":{""@type"":""Organization"",""@id"":""https://lawlancaster.com/#organization"",""name"":""Lancaster Law Group"",""url"":""https://lawlancaster.com/""},""url"":""https://lawlancaster.com/divorce-in-lancaster-pa-attorney-family-law/"",""logo"":""https://lawlancaster.com/wp-content/uploads/2024/05/20_ologo-1.svg"",""image"":""https://lawlancaster.com/wp-content/uploads/2024/05/20_ologo-1.svg"",""priceRange"":""Call for consultation"",""telephone"":""+1-717-358-0600"",""geo"":{""@type"":""GeoCoordinates"",""latitude"":40.0380586,""longitude"":-76.3031793},""hasMap"":""https://www.google.com/maps?cid=9657191644753201856"",""openingHoursSpecification"":[{""@type"":""OpeningHoursSpecification"",""dayOfWeek"":[""Monday"",""Tuesday"",""Wednesday"",""Thursday"",""Friday""],""opens"":""08:00"",""closes"":""17:00""}],""aggregateRating"":{""@type"":""AggregateRating"",""ratingValue"":""4.7"",""reviewCount"":""77"",""bestRating"":""5"",""worstRating"":""1""},""review"":{""@type"":""Review"",""name"":""Google Business Profile Review Summary"",""author"":{""@type"":""Organization"",""name"":""Google users""},""publisher"":{""@type"":""Organization"",""name"":""Google""},""reviewBody"":""Lancaster Law Group has a 4.7-star rating based on 77 Google reviews."",""reviewRating"":{""@type"":""Rating"",""ratingValue"":""4.7"",""bestRating"":""5"",""worstRating"":""1""}},""sameAs"":[""https://facebook.com/lancasterlawgroup"",""https://www.instagram.com/lancasterlawgroup/""],""areaServed"":[{""@type"":""Place"",""name"":""Lancaster, PA 17603""},{""@type"":""Place"",""name"":""Lancaster, PA 17601""},{""@type"":""Place"",""name"":""Lancaster, PA 17602""},{""@type"":""Place"",""name"":""Lititz, PA 17543""},{""@type"":""Place"",""name"":""Ephrata, PA 17522""},{""@type"":""Place"",""name"":""Manheim, PA 17545""},{""@type"":""Place"",""name"":""Mount Joy, PA 17552""},{""@type"":""Place"",""name"":""Columbia, PA 17512""},{""@type"":""Place"",""name"":""Elizabethtown, PA 17022""},{""@type"":""Place"",""name"":""New Holland, PA 17557""},{""@type"":""Place"",""name"":""Denver, PA 17517""},{""@type"":""Place"",""name"":""Millersville, PA 17551""},{""@type"":""Place"",""name"":""Willow Street, PA 17584""},{""@type"":""Place"",""name"":""Leola, PA 17540""},{""@type"":""Place"",""name"":""Quarryville, PA 17566""},{""@type"":""Place"",""name"":""Marietta, PA 17547""},{""@type"":""Place"",""name"":""Mountville, PA 17554""},{""@type"":""Place"",""name"":""Landisville, PA 17538""},{""@type"":""Place"",""name"":""Stevens, PA 17578""},{""@type"":""Place"",""name"":""Reinholds, PA 17569""},{""@type"":""AdministrativeArea"",""name"":""Lancaster County, PA""}],""additionalProperty"":[{""@type"":""PropertyValue"",""name"":""Saturday Hours"",""value"":""Closed""},{""@type"":""PropertyValue"",""name"":""Sunday Hours"",""value"":""Closed""}],""makesOffer"":[{""@type"":""Offer"",""itemOffered"":{""@type"":""Service"",""name"":""Divorce Legal Services"",""description"":""Pennsylvania Divorce legal representation from Lancaster Law Group in Lancaster County, Pennsylvania."",""url"":""https://lawlancaster.com/divorce-in-lancaster-pa-attorney-family-law/""}}],""knowsAbout"":[{""@type"":""Thing"",""name"":""Divorce"",""sameAs"":""https://en.wikipedia.org/wiki/Divorce""},{""@type"":""Thing"",""name"":""Family law"",""sameAs"":""https://en.wikipedia.org/wiki/Family_law""},{""@type"":""Thing"",""name"":""Pennsylvania"",""sameAs"":""https://en.wikipedia.org/wiki/Pennsylvania""}]}","<script type=""application/ld+json"">{""@context"":""https://schema.org"",""@type"":""LegalService"",""@id"":""https://lawlancaster.com/divorce-in-lancaster-pa-attorney-family-law/#legalservice"",""name"":""Lancaster Law Group - Divorce"",""legalName"":""Lancaster Law Group"",""description"":""Pennsylvania Divorce legal representation from Lancaster Law Group in Lancaster County, Pennsylvania."",""parentOrganization"":{""@type"":""Organization"",""@id"":""https://lawlancaster.com/#organization"",""name"":""Lancaster Law Group"",""url"":""https://lawlancaster.com/""},""url"":""https://lawlancaster.com/divorce-in-lancaster-pa-attorney-family-law/"",""logo"":""https://lawlancaster.com/wp-content/uploads/2024/05/20_ologo-1.svg"",""image"":""https://lawlancaster.com/wp-content/uploads/2024/05/20_ologo-1.svg"",""priceRange"":""Call for consultation"",""telephone"":""+1-717-358-0600"",""geo"":{""@type"":""GeoCoordinates"",""latitude"":40.0380586,""longitude"":-76.3031793},""hasMap"":""https://www.google.com/maps?cid=9657191644753201856"",""openingHoursSpecification"":[{""@type"":""OpeningHoursSpecification"",""dayOfWeek"":[""Monday"",""Tuesday"",""Wednesday"",""Thursday"",""Friday""],""opens"":""08:00"",""closes"":""17:00""}],""aggregateRating"":{""@type"":""AggregateRating"",""ratingValue"":""4.7"",""reviewCount"":""77"",""bestRating"":""5"",""worstRating"":""1""},""review"":{""@type"":""Review"",""name"":""Google Business Profile Review Summary"",""author"":{""@type"":""Organization"",""name"":""Google users""},""publisher"":{""@type"":""Organization"",""name"":""Google""},""reviewBody"":""Lancaster Law Group has a 4.7-star rating based on 77 Google reviews."",""reviewRating"":{""@type"":""Rating"",""ratingValue"":""4.7"",""bestRating"":""5"",""worstRating"":""1""}},""sameAs"":[""https://facebook.com/lancasterlawgroup"",""https://www.instagram.com/lancasterlawgroup/""],""areaServed"":[{""@type"":""Place"",""name"":""Lancaster, PA 17603""},{""@type"":""Place"",""name"":""Lancaster, PA 17601""},{""@type"":""Place"",""name"":""Lancaster, PA 17602""},{""@type"":""Place"",""name"":""Lititz, PA 17543""},{""@type"":""Place"",""name"":""Ephrata, PA 17522""},{""@type"":""Place"",""name"":""Manheim, PA 17545""},{""@type"":""Place"",""name"":""Mount Joy, PA 17552""},{""@type"":""Place"",""name"":""Columbia, PA 17512""},{""@type"":""Place"",""name"":""Elizabethtown, PA 17022""},{""@type"":""Place"",""name"":""New Holland, PA 17557""},{""@type"":""Place"",""name"":""Denver, PA 17517""},{""@type"":""Place"",""name"":""Millersville, PA 17551""},{""@type"":""Place"",""name"":""Willow Street, PA 17584""},{""@type"":""Place"",""name"":""Leola, PA 17540""},{""@type"":""Place"",""name"":""Quarryville, PA 17566""},{""@type"":""Place"",""name"":""Marietta, PA 17547""},{""@type"":""Place"",""name"":""Mountville, PA 17554""},{""@type"":""Place"",""name"":""Landisville, PA 17538""},{""@type"":""Place"",""name"":""Stevens, PA 17578""},{""@type"":""Place"",""name"":""Reinholds, PA 17569""},{""@type"":""AdministrativeArea"",""name"":""Lancaster County, PA""}],""additionalProperty"":[{""@type"":""PropertyValue"",""name"":""Saturday Hours"",""value"":""Closed""},{""@type"":""PropertyValue"",""name"":""Sunday Hours"",""value"":""Closed""}],""makesOffer"":[{""@type"":""Offer"",""itemOffered"":{""@type"":""Service"",""name"":""Divorce Legal Services"",""description"":""Pennsylvania Divorce legal representation from Lancaster Law Group in Lancaster County, Pennsylvania."",""url"":""https://lawlancaster.com/divorce-in-lancaster-pa-attorney-family-law/""}}],""knowsAbout"":[{""@type"":""Thing"",""name"":""Divorce"",""sameAs"":""https://en.wikipedia.org/wiki/Divorce""},{""@type"":""Thing"",""name"":""Family law"",""sameAs"":""https://en.wikipedia.org/wiki/Family_law""},{""@type"":""Thing"",""name"":""Pennsylvania"",""sameAs"":""https://en.wikipedia.org/wiki/Pennsylvania""}]}</script>"
https://www.lawlancaster.com/lancaster/spousal-support/,"{""@context"":""https://schema.org"",""@type"":""LegalService"",""@id"":""https://www.lawlancaster.com/lancaster/spousal-support/#legalservice"",""name"":""Lancaster Law Group - Alimony"",""legalName"":""Lancaster Law Group"",""description"":""Pennsylvania Alimony legal representation from Lancaster Law Group in Lancaster County, Pennsylvania."",""parentOrganization"":{""@type"":""Organization"",""@id"":""https://lawlancaster.com/#organization"",""name"":""Lancaster Law Group"",""url"":""https://lawlancaster.com/""},""url"":""https://www.lawlancaster.com/lancaster/spousal-support/"",""logo"":""https://lawlancaster.com/wp-content/uploads/2024/05/20_ologo-1.svg"",""image"":""https://lawlancaster.com/wp-content/uploads/2024/05/20_ologo-1.svg"",""priceRange"":""Call for consultation"",""telephone"":""+1-717-358-0600"",""geo"":{""@type"":""GeoCoordinates"",""latitude"":40.0380586,""longitude"":-76.3031793},""hasMap"":""https://www.google.com/maps?cid=9657191644753201856"",""openingHoursSpecification"":[{""@type"":""OpeningHoursSpecification"",""dayOfWeek"":[""Monday"",""Tuesday"",""Wednesday"",""Thursday"",""Friday""],""opens"":""08:00"",""closes"":""17:00""}],""aggregateRating"":{""@type"":""AggregateRating"",""ratingValue"":""4.7"",""reviewCount"":""77"",""bestRating"":""5"",""worstRating"":""1""},""review"":{""@type"":""Review"",""name"":""Google Business Profile Review Summary"",""author"":{""@type"":""Organization"",""name"":""Google users""},""publisher"":{""@type"":""Organization"",""name"":""Google""},""reviewBody"":""Lancaster Law Group has a 4.7-star rating based on 77 Google reviews."",""reviewRating"":{""@type"":""Rating"",""ratingValue"":""4.7"",""bestRating"":""5"",""worstRating"":""1""}},""sameAs"":[""https://facebook.com/lancasterlawgroup"",""https://www.instagram.com/lancasterlawgroup/""],""areaServed"":[{""@type"":""Place"",""name"":""Lancaster, PA 17603""},{""@type"":""Place"",""name"":""Lancaster, PA 17601""},{""@type"":""Place"",""name"":""Lancaster, PA 17602""},{""@type"":""Place"",""name"":""Lititz, PA 17543""},{""@type"":""Place"",""name"":""Ephrata, PA 17522""},{""@type"":""Place"",""name"":""Manheim, PA 17545""},{""@type"":""Place"",""name"":""Mount Joy, PA 17552""},{""@type"":""Place"",""name"":""Columbia, PA 17512""},{""@type"":""Place"",""name"":""Elizabethtown, PA 17022""},{""@type"":""Place"",""name"":""New Holland, PA 17557""},{""@type"":""Place"",""name"":""Denver, PA 17517""},{""@type"":""Place"",""name"":""Millersville, PA 17551""},{""@type"":""Place"",""name"":""Willow Street, PA 17584""},{""@type"":""Place"",""name"":""Leola, PA 17540""},{""@type"":""Place"",""name"":""Quarryville, PA 17566""},{""@type"":""Place"",""name"":""Marietta, PA 17547""},{""@type"":""Place"",""name"":""Mountville, PA 17554""},{""@type"":""Place"",""name"":""Landisville, PA 17538""},{""@type"":""Place"",""name"":""Stevens, PA 17578""},{""@type"":""Place"",""name"":""Reinholds, PA 17569""},{""@type"":""AdministrativeArea"",""name"":""Lancaster County, PA""}],""additionalProperty"":[{""@type"":""PropertyValue"",""name"":""Saturday Hours"",""value"":""Closed""},{""@type"":""PropertyValue"",""name"":""Sunday Hours"",""value"":""Closed""}],""makesOffer"":[{""@type"":""Offer"",""itemOffered"":{""@type"":""Service"",""name"":""Alimony Legal Services"",""description"":""Pennsylvania Alimony legal representation from Lancaster Law Group in Lancaster County, Pennsylvania."",""url"":""https://www.lawlancaster.com/lancaster/spousal-support/""}}],""knowsAbout"":[{""@type"":""Thing"",""name"":""Alimony"",""sameAs"":""https://en.wikipedia.org/wiki/Alimony""},{""@type"":""Thing"",""name"":""Family law"",""sameAs"":""https://en.wikipedia.org/wiki/Family_law""},{""@type"":""Thing"",""name"":""Pennsylvania"",""sameAs"":""https://en.wikipedia.org/wiki/Pennsylvania""}]}","<script type=""application/ld+json"">{""@context"":""https://schema.org"",""@type"":""LegalService"",""@id"":""https://www.lawlancaster.com/lancaster/spousal-support/#legalservice"",""name"":""Lancaster Law Group - Alimony"",""legalName"":""Lancaster Law Group"",""description"":""Pennsylvania Alimony legal representation from Lancaster Law Group in Lancaster County, Pennsylvania."",""parentOrganization"":{""@type"":""Organization"",""@id"":""https://lawlancaster.com/#organization"",""name"":""Lancaster Law Group"",""url"":""https://lawlancaster.com/""},""url"":""https://www.lawlancaster.com/lancaster/spousal-support/"",""logo"":""https://lawlancaster.com/wp-content/uploads/2024/05/20_ologo-1.svg"",""image"":""https://lawlancaster.com/wp-content/uploads/2024/05/20_ologo-1.svg"",""priceRange"":""Call for consultation"",""telephone"":""+1-717-358-0600"",""geo"":{""@type"":""GeoCoordinates"",""latitude"":40.0380586,""longitude"":-76.3031793},""hasMap"":""https://www.google.com/maps?cid=9657191644753201856"",""openingHoursSpecification"":[{""@type"":""OpeningHoursSpecification"",""dayOfWeek"":[""Monday"",""Tuesday"",""Wednesday"",""Thursday"",""Friday""],""opens"":""08:00"",""closes"":""17:00""}],""aggregateRating"":{""@type"":""AggregateRating"",""ratingValue"":""4.7"",""reviewCount"":""77"",""bestRating"":""5"",""worstRating"":""1""},""review"":{""@type"":""Review"",""name"":""Google Business Profile Review Summary"",""author"":{""@type"":""Organization"",""name"":""Google users""},""publisher"":{""@type"":""Organization"",""name"":""Google""},""reviewBody"":""Lancaster Law Group has a 4.7-star rating based on 77 Google reviews."",""reviewRating"":{""@type"":""Rating"",""ratingValue"":""4.7"",""bestRating"":""5"",""worstRating"":""1""}},""sameAs"":[""https://facebook.com/lancasterlawgroup"",""https://www.instagram.com/lancasterlawgroup/""],""areaServed"":[{""@type"":""Place"",""name"":""Lancaster, PA 17603""},{""@type"":""Place"",""name"":""Lancaster, PA 17601""},{""@type"":""Place"",""name"":""Lancaster, PA 17602""},{""@type"":""Place"",""name"":""Lititz, PA 17543""},{""@type"":""Place"",""name"":""Ephrata, PA 17522""},{""@type"":""Place"",""name"":""Manheim, PA 17545""},{""@type"":""Place"",""name"":""Mount Joy, PA 17552""},{""@type"":""Place"",""name"":""Columbia, PA 17512""},{""@type"":""Place"",""name"":""Elizabethtown, PA 17022""},{""@type"":""Place"",""name"":""New Holland, PA 17557""},{""@type"":""Place"",""name"":""Denver, PA 17517""},{""@type"":""Place"",""name"":""Millersville, PA 17551""},{""@type"":""Place"",""name"":""Willow Street, PA 17584""},{""@type"":""Place"",""name"":""Leola, PA 17540""},{""@type"":""Place"",""name"":""Quarryville, PA 17566""},{""@type"":""Place"",""name"":""Marietta, PA 17547""},{""@type"":""Place"",""name"":""Mountville, PA 17554""},{""@type"":""Place"",""name"":""Landisville, PA 17538""},{""@type"":""Place"",""name"":""Stevens, PA 17578""},{""@type"":""Place"",""name"":""Reinholds, PA 17569""},{""@type"":""AdministrativeArea"",""name"":""Lancaster County, PA""}],""additionalProperty"":[{""@type"":""PropertyValue"",""name"":""Saturday Hours"",""value"":""Closed""},{""@type"":""PropertyValue"",""name"":""Sunday Hours"",""value"":""Closed""}],""makesOffer"":[{""@type"":""Offer"",""itemOffered"":{""@type"":""Service"",""name"":""Alimony Legal Services"",""description"":""Pennsylvania Alimony legal representation from Lancaster Law Group in Lancaster County, Pennsylvania."",""url"":""https://www.lawlancaster.com/lancaster/spousal-support/""}}],""knowsAbout"":[{""@type"":""Thing"",""name"":""Alimony"",""sameAs"":""https://en.wikipedia.org/wiki/Alimony""},{""@type"":""Thing"",""name"":""Family law"",""sameAs"":""https://en.wikipedia.org/wiki/Family_law""},{""@type"":""Thing"",""name"":""Pennsylvania"",""sameAs"":""https://en.wikipedia.org/wiki/Pennsylvania""}]}</script>"
https://www.lawlancaster.com/lancaster/property-division/,"{""@context"":""https://schema.org"",""@type"":""LegalService"",""@id"":""https://www.lawlancaster.com/lancaster/property-division/#legalservice"",""name"":""Lancaster Law Group - Property Division"",""legalName"":""Lancaster Law Group"",""description"":""Pennsylvania Property Division legal representation from Lancaster Law Group in Lancaster County, Pennsylvania."",""parentOrganization"":{""@type"":""Organization"",""@id"":""https://lawlancaster.com/#organization"",""name"":""Lancaster Law Group"",""url"":""https://lawlancaster.com/""},""url"":""https://www.lawlancaster.com/lancaster/property-division/"",""logo"":""https://lawlancaster.com/wp-content/uploads/2024/05/20_ologo-1.svg"",""image"":""https://lawlancaster.com/wp-content/uploads/2024/05/20_ologo-1.svg"",""priceRange"":""Call for consultation"",""telephone"":""+1-717-358-0600"",""geo"":{""@type"":""GeoCoordinates"",""latitude"":40.0380586,""longitude"":-76.3031793},""hasMap"":""https://www.google.com/maps?cid=9657191644753201856"",""openingHoursSpecification"":[{""@type"":""OpeningHoursSpecification"",""dayOfWeek"":[""Monday"",""Tuesday"",""Wednesday"",""Thursday"",""Friday""],""opens"":""08:00"",""closes"":""17:00""}],""aggregateRating"":{""@type"":""AggregateRating"",""ratingValue"":""4.7"",""reviewCount"":""77"",""bestRating"":""5"",""worstRating"":""1""},""review"":{""@type"":""Review"",""name"":""Google Business Profile Review Summary"",""author"":{""@type"":""Organization"",""name"":""Google users""},""publisher"":{""@type"":""Organization"",""name"":""Google""},""reviewBody"":""Lancaster Law Group has a 4.7-star rating based on 77 Google reviews."",""reviewRating"":{""@type"":""Rating"",""ratingValue"":""4.7"",""bestRating"":""5"",""worstRating"":""1""}},""sameAs"":[""https://facebook.com/lancasterlawgroup"",""https://www.instagram.com/lancasterlawgroup/""],""areaServed"":[{""@type"":""Place"",""name"":""Lancaster, PA 17603""},{""@type"":""Place"",""name"":""Lancaster, PA 17601""},{""@type"":""Place"",""name"":""Lancaster, PA 17602""},{""@type"":""Place"",""name"":""Lititz, PA 17543""},{""@type"":""Place"",""name"":""Ephrata, PA 17522""},{""@type"":""Place"",""name"":""Manheim, PA 17545""},{""@type"":""Place"",""name"":""Mount Joy, PA 17552""},{""@type"":""Place"",""name"":""Columbia, PA 17512""},{""@type"":""Place"",""name"":""Elizabethtown, PA 17022""},{""@type"":""Place"",""name"":""New Holland, PA 17557""},{""@type"":""Place"",""name"":""Denver, PA 17517""},{""@type"":""Place"",""name"":""Millersville, PA 17551""},{""@type"":""Place"",""name"":""Willow Street, PA 17584""},{""@type"":""Place"",""name"":""Leola, PA 17540""},{""@type"":""Place"",""name"":""Quarryville, PA 17566""},{""@type"":""Place"",""name"":""Marietta, PA 17547""},{""@type"":""Place"",""name"":""Mountville, PA 17554""},{""@type"":""Place"",""name"":""Landisville, PA 17538""},{""@type"":""Place"",""name"":""Stevens, PA 17578""},{""@type"":""Place"",""name"":""Reinholds, PA 17569""},{""@type"":""AdministrativeArea"",""name"":""Lancaster County, PA""}],""additionalProperty"":[{""@type"":""PropertyValue"",""name"":""Saturday Hours"",""value"":""Closed""},{""@type"":""PropertyValue"",""name"":""Sunday Hours"",""value"":""Closed""}],""makesOffer"":[{""@type"":""Offer"",""itemOffered"":{""@type"":""Service"",""name"":""Property Division Legal Services"",""description"":""Pennsylvania Property Division legal representation from Lancaster Law Group in Lancaster County, Pennsylvania."",""url"":""https://www.lawlancaster.com/lancaster/property-division/""}}],""knowsAbout"":[{""@type"":""Thing"",""name"":""Division of property"",""sameAs"":""https://en.wikipedia.org/wiki/Division_of_property""},{""@type"":""Thing"",""name"":""Marital property"",""sameAs"":""https://en.wikipedia.org/wiki/Marital_property""},{""@type"":""Thing"",""name"":""Pennsylvania"",""sameAs"":""https://en.wikipedia.org/wiki/Pennsylvania""}]}","<script type=""application/ld+json"">{""@context"":""https://schema.org"",""@type"":""LegalService"",""@id"":""https://www.lawlancaster.com/lancaster/property-division/#legalservice"",""name"":""Lancaster Law Group - Property Division"",""legalName"":""Lancaster Law Group"",""description"":""Pennsylvania Property Division legal representation from Lancaster Law Group in Lancaster County, Pennsylvania."",""parentOrganization"":{""@type"":""Organization"",""@id"":""https://lawlancaster.com/#organization"",""name"":""Lancaster Law Group"",""url"":""https://lawlancaster.com/""},""url"":""https://www.lawlancaster.com/lancaster/property-division/"",""logo"":""https://lawlancaster.com/wp-content/uploads/2024/05/20_ologo-1.svg"",""image"":""https://lawlancaster.com/wp-content/uploads/2024/05/20_ologo-1.svg"",""priceRange"":""Call for consultation"",""telephone"":""+1-717-358-0600"",""geo"":{""@type"":""GeoCoordinates"",""latitude"":40.0380586,""longitude"":-76.3031793},""hasMap"":""https://www.google.com/maps?cid=9657191644753201856"",""openingHoursSpecification"":[{""@type"":""OpeningHoursSpecification"",""dayOfWeek"":[""Monday"",""Tuesday"",""Wednesday"",""Thursday"",""Friday""],""opens"":""08:00"",""closes"":""17:00""}],""aggregateRating"":{""@type"":""AggregateRating"",""ratingValue"":""4.7"",""reviewCount"":""77"",""bestRating"":""5"",""worstRating"":""1""},""review"":{""@type"":""Review"",""name"":""Google Business Profile Review Summary"",""author"":{""@type"":""Organization"",""name"":""Google users""},""publisher"":{""@type"":""Organization"",""name"":""Google""},""reviewBody"":""Lancaster Law Group has a 4.7-star rating based on 77 Google reviews."",""reviewRating"":{""@type"":""Rating"",""ratingValue"":""4.7"",""bestRating"":""5"",""worstRating"":""1""}},""sameAs"":[""https://facebook.com/lancasterlawgroup"",""https://www.instagram.com/lancasterlawgroup/""],""areaServed"":[{""@type"":""Place"",""name"":""Lancaster, PA 17603""},{""@type"":""Place"",""name"":""Lancaster, PA 17601""},{""@type"":""Place"",""name"":""Lancaster, PA 17602""},{""@type"":""Place"",""name"":""Lititz, PA 17543""},{""@type"":""Place"",""name"":""Ephrata, PA 17522""},{""@type"":""Place"",""name"":""Manheim, PA 17545""},{""@type"":""Place"",""name"":""Mount Joy, PA 17552""},{""@type"":""Place"",""name"":""Columbia, PA 17512""},{""@type"":""Place"",""name"":""Elizabethtown, PA 17022""},{""@type"":""Place"",""name"":""New Holland, PA 17557""},{""@type"":""Place"",""name"":""Denver, PA 17517""},{""@type"":""Place"",""name"":""Millersville, PA 17551""},{""@type"":""Place"",""name"":""Willow Street, PA 17584""},{""@type"":""Place"",""name"":""Leola, PA 17540""},{""@type"":""Place"",""name"":""Quarryville, PA 17566""},{""@type"":""Place"",""name"":""Marietta, PA 17547""},{""@type"":""Place"",""name"":""Mountville, PA 17554""},{""@type"":""Place"",""name"":""Landisville, PA 17538""},{""@type"":""Place"",""name"":""Stevens, PA 17578""},{""@type"":""Place"",""name"":""Reinholds, PA 17569""},{""@type"":""AdministrativeArea"",""name"":""Lancaster County, PA""}],""additionalProperty"":[{""@type"":""PropertyValue"",""name"":""Saturday Hours"",""value"":""Closed""},{""@type"":""PropertyValue"",""name"":""Sunday Hours"",""value"":""Closed""}],""makesOffer"":[{""@type"":""Offer"",""itemOffered"":{""@type"":""Service"",""name"":""Property Division Legal Services"",""description"":""Pennsylvania Property Division legal representation from Lancaster Law Group in Lancaster County, Pennsylvania."",""url"":""https://www.lawlancaster.com/lancaster/property-division/""}}],""knowsAbout"":[{""@type"":""Thing"",""name"":""Division of property"",""sameAs"":""https://en.wikipedia.org/wiki/Division_of_property""},{""@type"":""Thing"",""name"":""Marital property"",""sameAs"":""https://en.wikipedia.org/wiki/Marital_property""},{""@type"":""Thing"",""name"":""Pennsylvania"",""sameAs"":""https://en.wikipedia.org/wiki/Pennsylvania""}]}</script>"
https://lawlancaster.com/custody-lawyers-in-lancaster-pa/,"{""@context"":""https://schema.org"",""@type"":""LegalService"",""@id"":""https://lawlancaster.com/custody-lawyers-in-lancaster-pa/#legalservice"",""name"":""Lancaster Law Group - Child Custody"",""legalName"":""Lancaster Law Group"",""description"":""Pennsylvania Child Custody legal representation from Lancaster Law Group in Lancaster County, Pennsylvania."",""parentOrganization"":{""@type"":""Organization"",""@id"":""https://lawlancaster.com/#organization"",""name"":""Lancaster Law Group"",""url"":""https://lawlancaster.com/""},""url"":""https://lawlancaster.com/custody-lawyers-in-lancaster-pa/"",""logo"":""https://lawlancaster.com/wp-content/uploads/2024/05/20_ologo-1.svg"",""image"":""https://lawlancaster.com/wp-content/uploads/2024/05/20_ologo-1.svg"",""priceRange"":""Call for consultation"",""telephone"":""+1-717-358-0600"",""geo"":{""@type"":""GeoCoordinates"",""latitude"":40.0380586,""longitude"":-76.3031793},""hasMap"":""https://www.google.com/maps?cid=9657191644753201856"",""openingHoursSpecification"":[{""@type"":""OpeningHoursSpecification"",""dayOfWeek"":[""Monday"",""Tuesday"",""Wednesday"",""Thursday"",""Friday""],""opens"":""08:00"",""closes"":""17:00""}],""aggregateRating"":{""@type"":""AggregateRating"",""ratingValue"":""4.7"",""reviewCount"":""77"",""bestRating"":""5"",""worstRating"":""1""},""review"":{""@type"":""Review"",""name"":""Google Business Profile Review Summary"",""author"":{""@type"":""Organization"",""name"":""Google users""},""publisher"":{""@type"":""Organization"",""name"":""Google""},""reviewBody"":""Lancaster Law Group has a 4.7-star rating based on 77 Google reviews."",""reviewRating"":{""@type"":""Rating"",""ratingValue"":""4.7"",""bestRating"":""5"",""worstRating"":""1""}},""sameAs"":[""https://facebook.com/lancasterlawgroup"",""https://www.instagram.com/lancasterlawgroup/""],""areaServed"":[{""@type"":""Place"",""name"":""Lancaster, PA 17603""},{""@type"":""Place"",""name"":""Lancaster, PA 17601""},{""@type"":""Place"",""name"":""Lancaster, PA 17602""},{""@type"":""Place"",""name"":""Lititz, PA 17543""},{""@type"":""Place"",""name"":""Ephrata, PA 17522""},{""@type"":""Place"",""name"":""Manheim, PA 17545""},{""@type"":""Place"",""name"":""Mount Joy, PA 17552""},{""@type"":""Place"",""name"":""Columbia, PA 17512""},{""@type"":""Place"",""name"":""Elizabethtown, PA 17022""},{""@type"":""Place"",""name"":""New Holland, PA 17557""},{""@type"":""Place"",""name"":""Denver, PA 17517""},{""@type"":""Place"",""name"":""Millersville, PA 17551""},{""@type"":""Place"",""name"":""Willow Street, PA 17584""},{""@type"":""Place"",""name"":""Leola, PA 17540""},{""@type"":""Place"",""name"":""Quarryville, PA 17566""},{""@type"":""Place"",""name"":""Marietta, PA 17547""},{""@type"":""Place"",""name"":""Mountville, PA 17554""},{""@type"":""Place"",""name"":""Landisville, PA 17538""},{""@type"":""Place"",""name"":""Stevens, PA 17578""},{""@type"":""Place"",""name"":""Reinholds, PA 17569""},{""@type"":""AdministrativeArea"",""name"":""Lancaster County, PA""}],""additionalProperty"":[{""@type"":""PropertyValue"",""name"":""Saturday Hours"",""value"":""Closed""},{""@type"":""PropertyValue"",""name"":""Sunday Hours"",""value"":""Closed""}],""makesOffer"":[{""@type"":""Offer"",""itemOffered"":{""@type"":""Service"",""name"":""Child Custody Legal Services"",""description"":""Pennsylvania Child Custody legal representation from Lancaster Law Group in Lancaster County, Pennsylvania."",""url"":""https://lawlancaster.com/custody-lawyers-in-lancaster-pa/""}}],""knowsAbout"":[{""@type"":""Thing"",""name"":""Child custody"",""sameAs"":""https://en.wikipedia.org/wiki/Child_custody""},{""@type"":""Thing"",""name"":""Family law"",""sameAs"":""https://en.wikipedia.org/wiki/Family_law""},{""@type"":""Thing"",""name"":""Pennsylvania"",""sameAs"":""https://en.wikipedia.org/wiki/Pennsylvania""}]}","<script type=""application/ld+json"">{""@context"":""https://schema.org"",""@type"":""LegalService"",""@id"":""https://lawlancaster.com/custody-lawyers-in-lancaster-pa/#legalservice"",""name"":""Lancaster Law Group - Child Custody"",""legalName"":""Lancaster Law Group"",""description"":""Pennsylvania Child Custody legal representation from Lancaster Law Group in Lancaster County, Pennsylvania."",""parentOrganization"":{""@type"":""Organization"",""@id"":""https://lawlancaster.com/#organization"",""name"":""Lancaster Law Group"",""url"":""https://lawlancaster.com/""},""url"":""https://lawlancaster.com/custody-lawyers-in-lancaster-pa/"",""logo"":""https://lawlancaster.com/wp-content/uploads/2024/05/20_ologo-1.svg"",""image"":""https://lawlancaster.com/wp-content/uploads/2024/05/20_ologo-1.svg"",""priceRange"":""Call for consultation"",""telephone"":""+1-717-358-0600"",""geo"":{""@type"":""GeoCoordinates"",""latitude"":40.0380586,""longitude"":-76.3031793},""hasMap"":""https://www.google.com/maps?cid=9657191644753201856"",""openingHoursSpecification"":[{""@type"":""OpeningHoursSpecification"",""dayOfWeek"":[""Monday"",""Tuesday"",""Wednesday"",""Thursday"",""Friday""],""opens"":""08:00"",""closes"":""17:00""}],""aggregateRating"":{""@type"":""AggregateRating"",""ratingValue"":""4.7"",""reviewCount"":""77"",""bestRating"":""5"",""worstRating"":""1""},""review"":{""@type"":""Review"",""name"":""Google Business Profile Review Summary"",""author"":{""@type"":""Organization"",""name"":""Google users""},""publisher"":{""@type"":""Organization"",""name"":""Google""},""reviewBody"":""Lancaster Law Group has a 4.7-star rating based on 77 Google reviews."",""reviewRating"":{""@type"":""Rating"",""ratingValue"":""4.7"",""bestRating"":""5"",""worstRating"":""1""}},""sameAs"":[""https://facebook.com/lancasterlawgroup"",""https://www.instagram.com/lancasterlawgroup/""],""areaServed"":[{""@type"":""Place"",""name"":""Lancaster, PA 17603""},{""@type"":""Place"",""name"":""Lancaster, PA 17601""},{""@type"":""Place"",""name"":""Lancaster, PA 17602""},{""@type"":""Place"",""name"":""Lititz, PA 17543""},{""@type"":""Place"",""name"":""Ephrata, PA 17522""},{""@type"":""Place"",""name"":""Manheim, PA 17545""},{""@type"":""Place"",""name"":""Mount Joy, PA 17552""},{""@type"":""Place"",""name"":""Columbia, PA 17512""},{""@type"":""Place"",""name"":""Elizabethtown, PA 17022""},{""@type"":""Place"",""name"":""New Holland, PA 17557""},{""@type"":""Place"",""name"":""Denver, PA 17517""},{""@type"":""Place"",""name"":""Millersville, PA 17551""},{""@type"":""Place"",""name"":""Willow Street, PA 17584""},{""@type"":""Place"",""name"":""Leola, PA 17540""},{""@type"":""Place"",""name"":""Quarryville, PA 17566""},{""@type"":""Place"",""name"":""Marietta, PA 17547""},{""@type"":""Place"",""name"":""Mountville, PA 17554""},{""@type"":""Place"",""name"":""Landisville, PA 17538""},{""@type"":""Place"",""name"":""Stevens, PA 17578""},{""@type"":""Place"",""name"":""Reinholds, PA 17569""},{""@type"":""AdministrativeArea"",""name"":""Lancaster County, PA""}],""additionalProperty"":[{""@type"":""PropertyValue"",""name"":""Saturday Hours"",""value"":""Closed""},{""@type"":""PropertyValue"",""name"":""Sunday Hours"",""value"":""Closed""}],""makesOffer"":[{""@type"":""Offer"",""itemOffered"":{""@type"":""Service"",""name"":""Child Custody Legal Services"",""description"":""Pennsylvania Child Custody legal representation from Lancaster Law Group in Lancaster County, Pennsylvania."",""url"":""https://lawlancaster.com/custody-lawyers-in-lancaster-pa/""}}],""knowsAbout"":[{""@type"":""Thing"",""name"":""Child custody"",""sameAs"":""https://en.wikipedia.org/wiki/Child_custody""},{""@type"":""Thing"",""name"":""Family law"",""sameAs"":""https://en.wikipedia.org/wiki/Family_law""},{""@type"":""Thing"",""name"":""Pennsylvania"",""sameAs"":""https://en.wikipedia.org/wiki/Pennsylvania""}]}</script>"
https://lawlancaster.com/child-support/,"{""@context"":""https://schema.org"",""@type"":""LegalService"",""@id"":""https://lawlancaster.com/child-support/#legalservice"",""name"":""Lancaster Law Group - Child Support"",""legalName"":""Lancaster Law Group"",""description"":""Pennsylvania Child Support legal representation from Lancaster Law Group in Lancaster County, Pennsylvania."",""parentOrganization"":{""@type"":""Organization"",""@id"":""https://lawlancaster.com/#organization"",""name"":""Lancaster Law Group"",""url"":""https://lawlancaster.com/""},""url"":""https://lawlancaster.com/child-support/"",""logo"":""https://lawlancaster.com/wp-content/uploads/2024/05/20_ologo-1.svg"",""image"":""https://lawlancaster.com/wp-content/uploads/2024/07/Child-Support.jpg"",""priceRange"":""Call for consultation"",""telephone"":""+1-717-358-0600"",""geo"":{""@type"":""GeoCoordinates"",""latitude"":40.0380586,""longitude"":-76.3031793},""hasMap"":""https://www.google.com/maps?cid=9657191644753201856"",""openingHoursSpecification"":[{""@type"":""OpeningHoursSpecification"",""dayOfWeek"":[""Monday"",""Tuesday"",""Wednesday"",""Thursday"",""Friday""],""opens"":""08:00"",""closes"":""17:00""}],""aggregateRating"":{""@type"":""AggregateRating"",""ratingValue"":""4.7"",""reviewCount"":""77"",""bestRating"":""5"",""worstRating"":""1""},""review"":{""@type"":""Review"",""name"":""Google Business Profile Review Summary"",""author"":{""@type"":""Organization"",""name"":""Google users""},""publisher"":{""@type"":""Organization"",""name"":""Google""},""reviewBody"":""Lancaster Law Group has a 4.7-star rating based on 77 Google reviews."",""reviewRating"":{""@type"":""Rating"",""ratingValue"":""4.7"",""bestRating"":""5"",""worstRating"":""1""}},""sameAs"":[""https://facebook.com/lancasterlawgroup"",""https://www.instagram.com/lancasterlawgroup/""],""areaServed"":[{""@type"":""Place"",""name"":""Lancaster, PA 17603""},{""@type"":""Place"",""name"":""Lancaster, PA 17601""},{""@type"":""Place"",""name"":""Lancaster, PA 17602""},{""@type"":""Place"",""name"":""Lititz, PA 17543""},{""@type"":""Place"",""name"":""Ephrata, PA 17522""},{""@type"":""Place"",""name"":""Manheim, PA 17545""},{""@type"":""Place"",""name"":""Mount Joy, PA 17552""},{""@type"":""Place"",""name"":""Columbia, PA 17512""},{""@type"":""Place"",""name"":""Elizabethtown, PA 17022""},{""@type"":""Place"",""name"":""New Holland, PA 17557""},{""@type"":""Place"",""name"":""Denver, PA 17517""},{""@type"":""Place"",""name"":""Millersville, PA 17551""},{""@type"":""Place"",""name"":""Willow Street, PA 17584""},{""@type"":""Place"",""name"":""Leola, PA 17540""},{""@type"":""Place"",""name"":""Quarryville, PA 17566""},{""@type"":""Place"",""name"":""Marietta, PA 17547""},{""@type"":""Place"",""name"":""Mountville, PA 17554""},{""@type"":""Place"",""name"":""Landisville, PA 17538""},{""@type"":""Place"",""name"":""Stevens, PA 17578""},{""@type"":""Place"",""name"":""Reinholds, PA 17569""},{""@type"":""AdministrativeArea"",""name"":""Lancaster County, PA""}],""additionalProperty"":[{""@type"":""PropertyValue"",""name"":""Saturday Hours"",""value"":""Closed""},{""@type"":""PropertyValue"",""name"":""Sunday Hours"",""value"":""Closed""}],""makesOffer"":[{""@type"":""Offer"",""itemOffered"":{""@type"":""Service"",""name"":""Child Support Legal Services"",""description"":""Pennsylvania Child Support legal representation from Lancaster Law Group in Lancaster County, Pennsylvania."",""url"":""https://lawlancaster.com/child-support/""}}],""knowsAbout"":[{""@type"":""Thing"",""name"":""Child support"",""sameAs"":""https://en.wikipedia.org/wiki/Child_support""},{""@type"":""Thing"",""name"":""Family law"",""sameAs"":""https://en.wikipedia.org/wiki/Family_law""},{""@type"":""Thing"",""name"":""Pennsylvania"",""sameAs"":""https://en.wikipedia.org/wiki/Pennsylvania""}]}","<script type=""application/ld+json"">{""@context"":""https://schema.org"",""@type"":""LegalService"",""@id"":""https://lawlancaster.com/child-support/#legalservice"",""name"":""Lancaster Law Group - Child Support"",""legalName"":""Lancaster Law Group"",""description"":""Pennsylvania Child Support legal representation from Lancaster Law Group in Lancaster County, Pennsylvania."",""parentOrganization"":{""@type"":""Organization"",""@id"":""https://lawlancaster.com/#organization"",""name"":""Lancaster Law Group"",""url"":""https://lawlancaster.com/""},""url"":""https://lawlancaster.com/child-support/"",""logo"":""https://lawlancaster.com/wp-content/uploads/2024/05/20_ologo-1.svg"",""image"":""https://lawlancaster.com/wp-content/uploads/2024/07/Child-Support.jpg"",""priceRange"":""Call for consultation"",""telephone"":""+1-717-358-0600"",""geo"":{""@type"":""GeoCoordinates"",""latitude"":40.0380586,""longitude"":-76.3031793},""hasMap"":""https://www.google.com/maps?cid=9657191644753201856"",""openingHoursSpecification"":[{""@type"":""OpeningHoursSpecification"",""dayOfWeek"":[""Monday"",""Tuesday"",""Wednesday"",""Thursday"",""Friday""],""opens"":""08:00"",""closes"":""17:00""}],""aggregateRating"":{""@type"":""AggregateRating"",""ratingValue"":""4.7"",""reviewCount"":""77"",""bestRating"":""5"",""worstRating"":""1""},""review"":{""@type"":""Review"",""name"":""Google Business Profile Review Summary"",""author"":{""@type"":""Organization"",""name"":""Google users""},""publisher"":{""@type"":""Organization"",""name"":""Google""},""reviewBody"":""Lancaster Law Group has a 4.7-star rating based on 77 Google reviews."",""reviewRating"":{""@type"":""Rating"",""ratingValue"":""4.7"",""bestRating"":""5"",""worstRating"":""1""}},""sameAs"":[""https://facebook.com/lancasterlawgroup"",""https://www.instagram.com/lancasterlawgroup/""],""areaServed"":[{""@type"":""Place"",""name"":""Lancaster, PA 17603""},{""@type"":""Place"",""name"":""Lancaster, PA 17601""},{""@type"":""Place"",""name"":""Lancaster, PA 17602""},{""@type"":""Place"",""name"":""Lititz, PA 17543""},{""@type"":""Place"",""name"":""Ephrata, PA 17522""},{""@type"":""Place"",""name"":""Manheim, PA 17545""},{""@type"":""Place"",""name"":""Mount Joy, PA 17552""},{""@type"":""Place"",""name"":""Columbia, PA 17512""},{""@type"":""Place"",""name"":""Elizabethtown, PA 17022""},{""@type"":""Place"",""name"":""New Holland, PA 17557""},{""@type"":""Place"",""name"":""Denver, PA 17517""},{""@type"":""Place"",""name"":""Millersville, PA 17551""},{""@type"":""Place"",""name"":""Willow Street, PA 17584""},{""@type"":""Place"",""name"":""Leola, PA 17540""},{""@type"":""Place"",""name"":""Quarryville, PA 17566""},{""@type"":""Place"",""name"":""Marietta, PA 17547""},{""@type"":""Place"",""name"":""Mountville, PA 17554""},{""@type"":""Place"",""name"":""Landisville, PA 17538""},{""@type"":""Place"",""name"":""Stevens, PA 17578""},{""@type"":""Place"",""name"":""Reinholds, PA 17569""},{""@type"":""AdministrativeArea"",""name"":""Lancaster County, PA""}],""additionalProperty"":[{""@type"":""PropertyValue"",""name"":""Saturday Hours"",""value"":""Closed""},{""@type"":""PropertyValue"",""name"":""Sunday Hours"",""value"":""Closed""}],""makesOffer"":[{""@type"":""Offer"",""itemOffered"":{""@type"":""Service"",""name"":""Child Support Legal Services"",""description"":""Pennsylvania Child Support legal representation from Lancaster Law Group in Lancaster County, Pennsylvania."",""url"":""https://lawlancaster.com/child-support/""}}],""knowsAbout"":[{""@type"":""Thing"",""name"":""Child support"",""sameAs"":""https://en.wikipedia.org/wiki/Child_support""},{""@type"":""Thing"",""name"":""Family law"",""sameAs"":""https://en.wikipedia.org/wiki/Family_law""},{""@type"":""Thing"",""name"":""Pennsylvania"",""sameAs"":""https://en.wikipedia.org/wiki/Pennsylvania""}]}</script>"
https://lawlancaster.com/lancaster-pa-pfa-matters/,"{""@context"":""https://schema.org"",""@type"":""LegalService"",""@id"":""https://lawlancaster.com/lancaster-pa-pfa-matters/#legalservice"",""name"":""Lancaster Law Group - Protection From Abuse (PFA)"",""legalName"":""Lancaster Law Group"",""description"":""Pennsylvania Protection From Abuse legal representation from Lancaster Law Group in Lancaster County, Pennsylvania."",""parentOrganization"":{""@type"":""Organization"",""@id"":""https://lawlancaster.com/#organization"",""name"":""Lancaster Law Group"",""url"":""https://lawlancaster.com/""},""url"":""https://lawlancaster.com/lancaster-pa-pfa-matters/"",""logo"":""https://lawlancaster.com/wp-content/uploads/2024/05/20_ologo-1.svg"",""image"":""https://lawlancaster.com/wp-content/uploads/2024/05/Joseph-P.-McMahon.jpg"",""priceRange"":""Call for consultation"",""telephone"":""+1-717-358-0600"",""geo"":{""@type"":""GeoCoordinates"",""latitude"":40.0380586,""longitude"":-76.3031793},""hasMap"":""https://www.google.com/maps?cid=9657191644753201856"",""openingHoursSpecification"":[{""@type"":""OpeningHoursSpecification"",""dayOfWeek"":[""Monday"",""Tuesday"",""Wednesday"",""Thursday"",""Friday""],""opens"":""08:00"",""closes"":""17:00""}],""aggregateRating"":{""@type"":""AggregateRating"",""ratingValue"":""4.7"",""reviewCount"":""77"",""bestRating"":""5"",""worstRating"":""1""},""review"":{""@type"":""Review"",""name"":""Google Business Profile Review Summary"",""author"":{""@type"":""Organization"",""name"":""Google users""},""publisher"":{""@type"":""Organization"",""name"":""Google""},""reviewBody"":""Lancaster Law Group has a 4.7-star rating based on 77 Google reviews."",""reviewRating"":{""@type"":""Rating"",""ratingValue"":""4.7"",""bestRating"":""5"",""worstRating"":""1""}},""sameAs"":[""https://facebook.com/lancasterlawgroup"",""https://www.instagram.com/lancasterlawgroup/""],""areaServed"":[{""@type"":""Place"",""name"":""Lancaster, PA 17603""},{""@type"":""Place"",""name"":""Lancaster, PA 17601""},{""@type"":""Place"",""name"":""Lancaster, PA 17602""},{""@type"":""Place"",""name"":""Lititz, PA 17543""},{""@type"":""Place"",""name"":""Ephrata, PA 17522""},{""@type"":""Place"",""name"":""Manheim, PA 17545""},{""@type"":""Place"",""name"":""Mount Joy, PA 17552""},{""@type"":""Place"",""name"":""Columbia, PA 17512""},{""@type"":""Place"",""name"":""Elizabethtown, PA 17022""},{""@type"":""Place"",""name"":""New Holland, PA 17557""},{""@type"":""Place"",""name"":""Denver, PA 17517""},{""@type"":""Place"",""name"":""Millersville, PA 17551""},{""@type"":""Place"",""name"":""Willow Street, PA 17584""},{""@type"":""Place"",""name"":""Leola, PA 17540""},{""@type"":""Place"",""name"":""Quarryville, PA 17566""},{""@type"":""Place"",""name"":""Marietta, PA 17547""},{""@type"":""Place"",""name"":""Mountville, PA 17554""},{""@type"":""Place"",""name"":""Landisville, PA 17538""},{""@type"":""Place"",""name"":""Stevens, PA 17578""},{""@type"":""Place"",""name"":""Reinholds, PA 17569""},{""@type"":""AdministrativeArea"",""name"":""Lancaster County, PA""}],""additionalProperty"":[{""@type"":""PropertyValue"",""name"":""Saturday Hours"",""value"":""Closed""},{""@type"":""PropertyValue"",""name"":""Sunday Hours"",""value"":""Closed""}],""makesOffer"":[{""@type"":""Offer"",""itemOffered"":{""@type"":""Service"",""name"":""Protection From Abuse Legal Services"",""description"":""Pennsylvania Protection From Abuse legal representation from Lancaster Law Group in Lancaster County, Pennsylvania."",""url"":""https://lawlancaster.com/lancaster-pa-pfa-matters/""}}],""knowsAbout"":[{""@type"":""Thing"",""name"":""Restraining order"",""sameAs"":""https://en.wikipedia.org/wiki/Restraining_order""},{""@type"":""Thing"",""name"":""Domestic violence"",""sameAs"":""https://en.wikipedia.org/wiki/Domestic_violence""},{""@type"":""Thing"",""name"":""Pennsylvania"",""sameAs"":""https://en.wikipedia.org/wiki/Pennsylvania""}]}","<script type=""application/ld+json"">{""@context"":""https://schema.org"",""@type"":""LegalService"",""@id"":""https://lawlancaster.com/lancaster-pa-pfa-matters/#legalservice"",""name"":""Lancaster Law Group - Protection From Abuse (PFA)"",""legalName"":""Lancaster Law Group"",""description"":""Pennsylvania Protection From Abuse legal representation from Lancaster Law Group in Lancaster County, Pennsylvania."",""parentOrganization"":{""@type"":""Organization"",""@id"":""https://lawlancaster.com/#organization"",""name"":""Lancaster Law Group"",""url"":""https://lawlancaster.com/""},""url"":""https://lawlancaster.com/lancaster-pa-pfa-matters/"",""logo"":""https://lawlancaster.com/wp-content/uploads/2024/05/20_ologo-1.svg"",""image"":""https://lawlancaster.com/wp-content/uploads/2024/05/Joseph-P.-McMahon.jpg"",""priceRange"":""Call for consultation"",""telephone"":""+1-717-358-0600"",""geo"":{""@type"":""GeoCoordinates"",""latitude"":40.0380586,""longitude"":-76.3031793},""hasMap"":""https://www.google.com/maps?cid=9657191644753201856"",""openingHoursSpecification"":[{""@type"":""OpeningHoursSpecification"",""dayOfWeek"":[""Monday"",""Tuesday"",""Wednesday"",""Thursday"",""Friday""],""opens"":""08:00"",""closes"":""17:00""}],""aggregateRating"":{""@type"":""AggregateRating"",""ratingValue"":""4.7"",""reviewCount"":""77"",""bestRating"":""5"",""worstRating"":""1""},""review"":{""@type"":""Review"",""name"":""Google Business Profile Review Summary"",""author"":{""@type"":""Organization"",""name"":""Google users""},""publisher"":{""@type"":""Organization"",""name"":""Google""},""reviewBody"":""Lancaster Law Group has a 4.7-star rating based on 77 Google reviews."",""reviewRating"":{""@type"":""Rating"",""ratingValue"":""4.7"",""bestRating"":""5"",""worstRating"":""1""}},""sameAs"":[""https://facebook.com/lancasterlawgroup"",""https://www.instagram.com/lancasterlawgroup/""],""areaServed"":[{""@type"":""Place"",""name"":""Lancaster, PA 17603""},{""@type"":""Place"",""name"":""Lancaster, PA 17601""},{""@type"":""Place"",""name"":""Lancaster, PA 17602""},{""@type"":""Place"",""name"":""Lititz, PA 17543""},{""@type"":""Place"",""name"":""Ephrata, PA 17522""},{""@type"":""Place"",""name"":""Manheim, PA 17545""},{""@type"":""Place"",""name"":""Mount Joy, PA 17552""},{""@type"":""Place"",""name"":""Columbia, PA 17512""},{""@type"":""Place"",""name"":""Elizabethtown, PA 17022""},{""@type"":""Place"",""name"":""New Holland, PA 17557""},{""@type"":""Place"",""name"":""Denver, PA 17517""},{""@type"":""Place"",""name"":""Millersville, PA 17551""},{""@type"":""Place"",""name"":""Willow Street, PA 17584""},{""@type"":""Place"",""name"":""Leola, PA 17540""},{""@type"":""Place"",""name"":""Quarryville, PA 17566""},{""@type"":""Place"",""name"":""Marietta, PA 17547""},{""@type"":""Place"",""name"":""Mountville, PA 17554""},{""@type"":""Place"",""name"":""Landisville, PA 17538""},{""@type"":""Place"",""name"":""Stevens, PA 17578""},{""@type"":""Place"",""name"":""Reinholds, PA 17569""},{""@type"":""AdministrativeArea"",""name"":""Lancaster County, PA""}],""additionalProperty"":[{""@type"":""PropertyValue"",""name"":""Saturday Hours"",""value"":""Closed""},{""@type"":""PropertyValue"",""name"":""Sunday Hours"",""value"":""Closed""}],""makesOffer"":[{""@type"":""Offer"",""itemOffered"":{""@type"":""Service"",""name"":""Protection From Abuse Legal Services"",""description"":""Pennsylvania Protection From Abuse legal representation from Lancaster Law Group in Lancaster County, Pennsylvania."",""url"":""https://lawlancaster.com/lancaster-pa-pfa-matters/""}}],""knowsAbout"":[{""@type"":""Thing"",""name"":""Restraining order"",""sameAs"":""https://en.wikipedia.org/wiki/Restraining_order""},{""@type"":""Thing"",""name"":""Domestic violence"",""sameAs"":""https://en.wikipedia.org/wiki/Domestic_violence""},{""@type"":""Thing"",""name"":""Pennsylvania"",""sameAs"":""https://en.wikipedia.org/wiki/Pennsylvania""}]}</script>"
https://lawlancaster.com/stepparent-adoption-attorneys-in-lancaster-pa/,"{""@context"":""https://schema.org"",""@type"":""LegalService"",""@id"":""https://lawlancaster.com/stepparent-adoption-attorneys-in-lancaster-pa/#legalservice"",""name"":""Lancaster Law Group - Stepparent Adoption"",""legalName"":""Lancaster Law Group"",""description"":""Pennsylvania Stepparent Adoption legal representation from Lancaster Law Group in Lancaster County, Pennsylvania."",""parentOrganization"":{""@type"":""Organization"",""@id"":""https://lawlancaster.com/#organization"",""name"":""Lancaster Law Group"",""url"":""https://lawlancaster.com/""},""url"":""https://lawlancaster.com/stepparent-adoption-attorneys-in-lancaster-pa/"",""logo"":""https://lawlancaster.com/wp-content/uploads/2024/05/20_ologo-1.svg"",""image"":""https://lawlancaster.com/wp-content/uploads/2024/05/Joseph-P.-McMahon.jpg"",""priceRange"":""Call for consultation"",""telephone"":""+1-717-358-0600"",""geo"":{""@type"":""GeoCoordinates"",""latitude"":40.0380586,""longitude"":-76.3031793},""hasMap"":""https://www.google.com/maps?cid=9657191644753201856"",""openingHoursSpecification"":[{""@type"":""OpeningHoursSpecification"",""dayOfWeek"":[""Monday"",""Tuesday"",""Wednesday"",""Thursday"",""Friday""],""opens"":""08:00"",""closes"":""17:00""}],""aggregateRating"":{""@type"":""AggregateRating"",""ratingValue"":""4.7"",""reviewCount"":""77"",""bestRating"":""5"",""worstRating"":""1""},""review"":{""@type"":""Review"",""name"":""Google Business Profile Review Summary"",""author"":{""@type"":""Organization"",""name"":""Google users""},""publisher"":{""@type"":""Organization"",""name"":""Google""},""reviewBody"":""Lancaster Law Group has a 4.7-star rating based on 77 Google reviews."",""reviewRating"":{""@type"":""Rating"",""ratingValue"":""4.7"",""bestRating"":""5"",""worstRating"":""1""}},""sameAs"":[""https://facebook.com/lancasterlawgroup"",""https://www.instagram.com/lancasterlawgroup/""],""areaServed"":[{""@type"":""Place"",""name"":""Lancaster, PA 17603""},{""@type"":""Place"",""name"":""Lancaster, PA 17601""},{""@type"":""Place"",""name"":""Lancaster, PA 17602""},{""@type"":""Place"",""name"":""Lititz, PA 17543""},{""@type"":""Place"",""name"":""Ephrata, PA 17522""},{""@type"":""Place"",""name"":""Manheim, PA 17545""},{""@type"":""Place"",""name"":""Mount Joy, PA 17552""},{""@type"":""Place"",""name"":""Columbia, PA 17512""},{""@type"":""Place"",""name"":""Elizabethtown, PA 17022""},{""@type"":""Place"",""name"":""New Holland, PA 17557""},{""@type"":""Place"",""name"":""Denver, PA 17517""},{""@type"":""Place"",""name"":""Millersville, PA 17551""},{""@type"":""Place"",""name"":""Willow Street, PA 17584""},{""@type"":""Place"",""name"":""Leola, PA 17540""},{""@type"":""Place"",""name"":""Quarryville, PA 17566""},{""@type"":""Place"",""name"":""Marietta, PA 17547""},{""@type"":""Place"",""name"":""Mountville, PA 17554""},{""@type"":""Place"",""name"":""Landisville, PA 17538""},{""@type"":""Place"",""name"":""Stevens, PA 17578""},{""@type"":""Place"",""name"":""Reinholds, PA 17569""},{""@type"":""AdministrativeArea"",""name"":""Lancaster County, PA""}],""additionalProperty"":[{""@type"":""PropertyValue"",""name"":""Saturday Hours"",""value"":""Closed""},{""@type"":""PropertyValue"",""name"":""Sunday Hours"",""value"":""Closed""}],""makesOffer"":[{""@type"":""Offer"",""itemOffered"":{""@type"":""Service"",""name"":""Stepparent Adoption Legal Services"",""description"":""Pennsylvania Stepparent Adoption legal representation from Lancaster Law Group in Lancaster County, Pennsylvania."",""url"":""https://lawlancaster.com/stepparent-adoption-attorneys-in-lancaster-pa/""}}],""knowsAbout"":[{""@type"":""Thing"",""name"":""Adoption"",""sameAs"":""https://en.wikipedia.org/wiki/Adoption""},{""@type"":""Thing"",""name"":""Stepfamily"",""sameAs"":""https://en.wikipedia.org/wiki/Stepfamily""},{""@type"":""Thing"",""name"":""Pennsylvania"",""sameAs"":""https://en.wikipedia.org/wiki/Pennsylvania""}]}","<script type=""application/ld+json"">{""@context"":""https://schema.org"",""@type"":""LegalService"",""@id"":""https://lawlancaster.com/stepparent-adoption-attorneys-in-lancaster-pa/#legalservice"",""name"":""Lancaster Law Group - Stepparent Adoption"",""legalName"":""Lancaster Law Group"",""description"":""Pennsylvania Stepparent Adoption legal representation from Lancaster Law Group in Lancaster County, Pennsylvania."",""parentOrganization"":{""@type"":""Organization"",""@id"":""https://lawlancaster.com/#organization"",""name"":""Lancaster Law Group"",""url"":""https://lawlancaster.com/""},""url"":""https://lawlancaster.com/stepparent-adoption-attorneys-in-lancaster-pa/"",""logo"":""https://lawlancaster.com/wp-content/uploads/2024/05/20_ologo-1.svg"",""image"":""https://lawlancaster.com/wp-content/uploads/2024/05/Joseph-P.-McMahon.jpg"",""priceRange"":""Call for consultation"",""telephone"":""+1-717-358-0600"",""geo"":{""@type"":""GeoCoordinates"",""latitude"":40.0380586,""longitude"":-76.3031793},""hasMap"":""https://www.google.com/maps?cid=9657191644753201856"",""openingHoursSpecification"":[{""@type"":""OpeningHoursSpecification"",""dayOfWeek"":[""Monday"",""Tuesday"",""Wednesday"",""Thursday"",""Friday""],""opens"":""08:00"",""closes"":""17:00""}],""aggregateRating"":{""@type"":""AggregateRating"",""ratingValue"":""4.7"",""reviewCount"":""77"",""bestRating"":""5"",""worstRating"":""1""},""review"":{""@type"":""Review"",""name"":""Google Business Profile Review Summary"",""author"":{""@type"":""Organization"",""name"":""Google users""},""publisher"":{""@type"":""Organization"",""name"":""Google""},""reviewBody"":""Lancaster Law Group has a 4.7-star rating based on 77 Google reviews."",""reviewRating"":{""@type"":""Rating"",""ratingValue"":""4.7"",""bestRating"":""5"",""worstRating"":""1""}},""sameAs"":[""https://facebook.com/lancasterlawgroup"",""https://www.instagram.com/lancasterlawgroup/""],""areaServed"":[{""@type"":""Place"",""name"":""Lancaster, PA 17603""},{""@type"":""Place"",""name"":""Lancaster, PA 17601""},{""@type"":""Place"",""name"":""Lancaster, PA 17602""},{""@type"":""Place"",""name"":""Lititz, PA 17543""},{""@type"":""Place"",""name"":""Ephrata, PA 17522""},{""@type"":""Place"",""name"":""Manheim, PA 17545""},{""@type"":""Place"",""name"":""Mount Joy, PA 17552""},{""@type"":""Place"",""name"":""Columbia, PA 17512""},{""@type"":""Place"",""name"":""Elizabethtown, PA 17022""},{""@type"":""Place"",""name"":""New Holland, PA 17557""},{""@type"":""Place"",""name"":""Denver, PA 17517""},{""@type"":""Place"",""name"":""Millersville, PA 17551""},{""@type"":""Place"",""name"":""Willow Street, PA 17584""},{""@type"":""Place"",""name"":""Leola, PA 17540""},{""@type"":""Place"",""name"":""Quarryville, PA 17566""},{""@type"":""Place"",""name"":""Marietta, PA 17547""},{""@type"":""Place"",""name"":""Mountville, PA 17554""},{""@type"":""Place"",""name"":""Landisville, PA 17538""},{""@type"":""Place"",""name"":""Stevens, PA 17578""},{""@type"":""Place"",""name"":""Reinholds, PA 17569""},{""@type"":""AdministrativeArea"",""name"":""Lancaster County, PA""}],""additionalProperty"":[{""@type"":""PropertyValue"",""name"":""Saturday Hours"",""value"":""Closed""},{""@type"":""PropertyValue"",""name"":""Sunday Hours"",""value"":""Closed""}],""makesOffer"":[{""@type"":""Offer"",""itemOffered"":{""@type"":""Service"",""name"":""Stepparent Adoption Legal Services"",""description"":""Pennsylvania Stepparent Adoption legal representation from Lancaster Law Group in Lancaster County, Pennsylvania."",""url"":""https://lawlancaster.com/stepparent-adoption-attorneys-in-lancaster-pa/""}}],""knowsAbout"":[{""@type"":""Thing"",""name"":""Adoption"",""sameAs"":""https://en.wikipedia.org/wiki/Adoption""},{""@type"":""Thing"",""name"":""Stepfamily"",""sameAs"":""https://en.wikipedia.org/wiki/Stepfamily""},{""@type"":""Thing"",""name"":""Pennsylvania"",""sameAs"":""https://en.wikipedia.org/wiki/Pennsylvania""}]}</script>"
https://lawlancaster.com/lancaster-pa-childline-appeals/,"{""@context"":""https://schema.org"",""@type"":""LegalService"",""@id"":""https://lawlancaster.com/lancaster-pa-childline-appeals/#legalservice"",""name"":""Lancaster Law Group - ChildLine Appeals"",""legalName"":""Lancaster Law Group"",""description"":""Pennsylvania ChildLine Appeals legal representation from Lancaster Law Group in Lancaster County, Pennsylvania."",""parentOrganization"":{""@type"":""Organization"",""@id"":""https://lawlancaster.com/#organization"",""name"":""Lancaster Law Group"",""url"":""https://lawlancaster.com/""},""url"":""https://lawlancaster.com/lancaster-pa-childline-appeals/"",""logo"":""https://lawlancaster.com/wp-content/uploads/2024/05/20_ologo-1.svg"",""image"":""https://lawlancaster.com/wp-content/uploads/2024/06/girls-library-1-1.jpg"",""priceRange"":""Call for consultation"",""telephone"":""+1-717-358-0600"",""geo"":{""@type"":""GeoCoordinates"",""latitude"":40.0380586,""longitude"":-76.3031793},""hasMap"":""https://www.google.com/maps?cid=9657191644753201856"",""openingHoursSpecification"":[{""@type"":""OpeningHoursSpecification"",""dayOfWeek"":[""Monday"",""Tuesday"",""Wednesday"",""Thursday"",""Friday""],""opens"":""08:00"",""closes"":""17:00""}],""aggregateRating"":{""@type"":""AggregateRating"",""ratingValue"":""4.7"",""reviewCount"":""77"",""bestRating"":""5"",""worstRating"":""1""},""review"":{""@type"":""Review"",""name"":""Google Business Profile Review Summary"",""author"":{""@type"":""Organization"",""name"":""Google users""},""publisher"":{""@type"":""Organization"",""name"":""Google""},""reviewBody"":""Lancaster Law Group has a 4.7-star rating based on 77 Google reviews."",""reviewRating"":{""@type"":""Rating"",""ratingValue"":""4.7"",""bestRating"":""5"",""worstRating"":""1""}},""sameAs"":[""https://facebook.com/lancasterlawgroup"",""https://www.instagram.com/lancasterlawgroup/""],""areaServed"":[{""@type"":""Place"",""name"":""Lancaster, PA 17603""},{""@type"":""Place"",""name"":""Lancaster, PA 17601""},{""@type"":""Place"",""name"":""Lancaster, PA 17602""},{""@type"":""Place"",""name"":""Lititz, PA 17543""},{""@type"":""Place"",""name"":""Ephrata, PA 17522""},{""@type"":""Place"",""name"":""Manheim, PA 17545""},{""@type"":""Place"",""name"":""Mount Joy, PA 17552""},{""@type"":""Place"",""name"":""Columbia, PA 17512""},{""@type"":""Place"",""name"":""Elizabethtown, PA 17022""},{""@type"":""Place"",""name"":""New Holland, PA 17557""},{""@type"":""Place"",""name"":""Denver, PA 17517""},{""@type"":""Place"",""name"":""Millersville, PA 17551""},{""@type"":""Place"",""name"":""Willow Street, PA 17584""},{""@type"":""Place"",""name"":""Leola, PA 17540""},{""@type"":""Place"",""name"":""Quarryville, PA 17566""},{""@type"":""Place"",""name"":""Marietta, PA 17547""},{""@type"":""Place"",""name"":""Mountville, PA 17554""},{""@type"":""Place"",""name"":""Landisville, PA 17538""},{""@type"":""Place"",""name"":""Stevens, PA 17578""},{""@type"":""Place"",""name"":""Reinholds, PA 17569""},{""@type"":""AdministrativeArea"",""name"":""Lancaster County, PA""}],""additionalProperty"":[{""@type"":""PropertyValue"",""name"":""Saturday Hours"",""value"":""Closed""},{""@type"":""PropertyValue"",""name"":""Sunday Hours"",""value"":""Closed""}],""makesOffer"":[{""@type"":""Offer"",""itemOffered"":{""@type"":""Service"",""name"":""ChildLine Appeals Legal Services"",""description"":""Pennsylvania ChildLine Appeals legal representation from Lancaster Law Group in Lancaster County, Pennsylvania."",""url"":""https://lawlancaster.com/lancaster-pa-childline-appeals/""}}],""knowsAbout"":[{""@type"":""Thing"",""name"":""Appeal"",""sameAs"":""https://en.wikipedia.org/wiki/Appeal""},{""@type"":""Thing"",""name"":""Child abuse"",""sameAs"":""https://en.wikipedia.org/wiki/Child_abuse""},{""@type"":""Thing"",""name"":""Pennsylvania"",""sameAs"":""https://en.wikipedia.org/wiki/Pennsylvania""}]}","<script type=""application/ld+json"">{""@context"":""https://schema.org"",""@type"":""LegalService"",""@id"":""https://lawlancaster.com/lancaster-pa-childline-appeals/#legalservice"",""name"":""Lancaster Law Group - ChildLine Appeals"",""legalName"":""Lancaster Law Group"",""description"":""Pennsylvania ChildLine Appeals legal representation from Lancaster Law Group in Lancaster County, Pennsylvania."",""parentOrganization"":{""@type"":""Organization"",""@id"":""https://lawlancaster.com/#organization"",""name"":""Lancaster Law Group"",""url"":""https://lawlancaster.com/""},""url"":""https://lawlancaster.com/lancaster-pa-childline-appeals/"",""logo"":""https://lawlancaster.com/wp-content/uploads/2024/05/20_ologo-1.svg"",""image"":""https://lawlancaster.com/wp-content/uploads/2024/06/girls-library-1-1.jpg"",""priceRange"":""Call for consultation"",""telephone"":""+1-717-358-0600"",""geo"":{""@type"":""GeoCoordinates"",""latitude"":40.0380586,""longitude"":-76.3031793},""hasMap"":""https://www.google.com/maps?cid=9657191644753201856"",""openingHoursSpecification"":[{""@type"":""OpeningHoursSpecification"",""dayOfWeek"":[""Monday"",""Tuesday"",""Wednesday"",""Thursday"",""Friday""],""opens"":""08:00"",""closes"":""17:00""}],""aggregateRating"":{""@type"":""AggregateRating"",""ratingValue"":""4.7"",""reviewCount"":""77"",""bestRating"":""5"",""worstRating"":""1""},""review"":{""@type"":""Review"",""name"":""Google Business Profile Review Summary"",""author"":{""@type"":""Organization"",""name"":""Google users""},""publisher"":{""@type"":""Organization"",""name"":""Google""},""reviewBody"":""Lancaster Law Group has a 4.7-star rating based on 77 Google reviews."",""reviewRating"":{""@type"":""Rating"",""ratingValue"":""4.7"",""bestRating"":""5"",""worstRating"":""1""}},""sameAs"":[""https://facebook.com/lancasterlawgroup"",""https://www.instagram.com/lancasterlawgroup/""],""areaServed"":[{""@type"":""Place"",""name"":""Lancaster, PA 17603""},{""@type"":""Place"",""name"":""Lancaster, PA 17601""},{""@type"":""Place"",""name"":""Lancaster, PA 17602""},{""@type"":""Place"",""name"":""Lititz, PA 17543""},{""@type"":""Place"",""name"":""Ephrata, PA 17522""},{""@type"":""Place"",""name"":""Manheim, PA 17545""},{""@type"":""Place"",""name"":""Mount Joy, PA 17552""},{""@type"":""Place"",""name"":""Columbia, PA 17512""},{""@type"":""Place"",""name"":""Elizabethtown, PA 17022""},{""@type"":""Place"",""name"":""New Holland, PA 17557""},{""@type"":""Place"",""name"":""Denver, PA 17517""},{""@type"":""Place"",""name"":""Millersville, PA 17551""},{""@type"":""Place"",""name"":""Willow Street, PA 17584""},{""@type"":""Place"",""name"":""Leola, PA 17540""},{""@type"":""Place"",""name"":""Quarryville, PA 17566""},{""@type"":""Place"",""name"":""Marietta, PA 17547""},{""@type"":""Place"",""name"":""Mountville, PA 17554""},{""@type"":""Place"",""name"":""Landisville, PA 17538""},{""@type"":""Place"",""name"":""Stevens, PA 17578""},{""@type"":""Place"",""name"":""Reinholds, PA 17569""},{""@type"":""AdministrativeArea"",""name"":""Lancaster County, PA""}],""additionalProperty"":[{""@type"":""PropertyValue"",""name"":""Saturday Hours"",""value"":""Closed""},{""@type"":""PropertyValue"",""name"":""Sunday Hours"",""value"":""Closed""}],""makesOffer"":[{""@type"":""Offer"",""itemOffered"":{""@type"":""Service"",""name"":""ChildLine Appeals Legal Services"",""description"":""Pennsylvania ChildLine Appeals legal representation from Lancaster Law Group in Lancaster County, Pennsylvania."",""url"":""https://lawlancaster.com/lancaster-pa-childline-appeals/""}}],""knowsAbout"":[{""@type"":""Thing"",""name"":""Appeal"",""sameAs"":""https://en.wikipedia.org/wiki/Appeal""},{""@type"":""Thing"",""name"":""Child abuse"",""sameAs"":""https://en.wikipedia.org/wiki/Child_abuse""},{""@type"":""Thing"",""name"":""Pennsylvania"",""sameAs"":""https://en.wikipedia.org/wiki/Pennsylvania""}]}</script>"
https://lawlancaster.com/prenuptial-agreement-attorneys-in-lancaster-pa/,"{""@context"":""https://schema.org"",""@type"":""LegalService"",""@id"":""https://lawlancaster.com/prenuptial-agreement-attorneys-in-lancaster-pa/#legalservice"",""name"":""Lancaster Law Group - Prenuptial Agreements"",""legalName"":""Lancaster Law Group"",""description"":""Legal guidance for drafting and reviewing prenuptial agreements in Lancaster County, Pennsylvania."",""parentOrganization"":{""@type"":""Organization"",""@id"":""https://lawlancaster.com/#organization"",""name"":""Lancaster Law Group"",""url"":""https://lawlancaster.com/""},""url"":""https://lawlancaster.com/prenuptial-agreement-attorneys-in-lancaster-pa/"",""logo"":""https://lawlancaster.com/wp-content/uploads/2024/05/20_ologo-1.svg"",""image"":""https://lawlancaster.com/wp-content/uploads/2024/07/prenuptial-agreement-comp.jpg"",""priceRange"":""Call for consultation"",""telephone"":""+1-717-358-0600"",""geo"":{""@type"":""GeoCoordinates"",""latitude"":40.0380586,""longitude"":-76.3031793},""hasMap"":""https://www.google.com/maps?cid=9657191644753201856"",""openingHoursSpecification"":[{""@type"":""OpeningHoursSpecification"",""dayOfWeek"":[""Monday"",""Tuesday"",""Wednesday"",""Thursday"",""Friday""],""opens"":""08:00"",""closes"":""17:00""}],""aggregateRating"":{""@type"":""AggregateRating"",""ratingValue"":""4.7"",""reviewCount"":""77"",""bestRating"":""5"",""worstRating"":""1""},""review"":{""@type"":""Review"",""name"":""Google Business Profile Review Summary"",""author"":{""@type"":""Organization"",""name"":""Google users""},""publisher"":{""@type"":""Organization"",""name"":""Google""},""reviewBody"":""Lancaster Law Group has a 4.7-star rating based on 77 Google reviews."",""reviewRating"":{""@type"":""Rating"",""ratingValue"":""4.7"",""bestRating"":""5"",""worstRating"":""1""}},""sameAs"":[""https://facebook.com/lancasterlawgroup"",""https://www.instagram.com/lancasterlawgroup/""],""areaServed"":[{""@type"":""Place"",""name"":""Lancaster, PA 17603""},{""@type"":""Place"",""name"":""Lancaster, PA 17601""},{""@type"":""Place"",""name"":""Lancaster, PA 17602""},{""@type"":""Place"",""name"":""Lititz, PA 17543""},{""@type"":""Place"",""name"":""Ephrata, PA 17522""},{""@type"":""Place"",""name"":""Manheim, PA 17545""},{""@type"":""Place"",""name"":""Mount Joy, PA 17552""},{""@type"":""Place"",""name"":""Columbia, PA 17512""},{""@type"":""Place"",""name"":""Elizabethtown, PA 17022""},{""@type"":""Place"",""name"":""New Holland, PA 17557""},{""@type"":""Place"",""name"":""Denver, PA 17517""},{""@type"":""Place"",""name"":""Millersville, PA 17551""},{""@type"":""Place"",""name"":""Willow Street, PA 17584""},{""@type"":""Place"",""name"":""Leola, PA 17540""},{""@type"":""Place"",""name"":""Quarryville, PA 17566""},{""@type"":""Place"",""name"":""Marietta, PA 17547""},{""@type"":""Place"",""name"":""Mountville, PA 17554""},{""@type"":""Place"",""name"":""Landisville, PA 17538""},{""@type"":""Place"",""name"":""Stevens, PA 17578""},{""@type"":""Place"",""name"":""Reinholds, PA 17569""},{""@type"":""AdministrativeArea"",""name"":""Lancaster County, PA""}],""additionalProperty"":[{""@type"":""PropertyValue"",""name"":""Saturday Hours"",""value"":""Closed""},{""@type"":""PropertyValue"",""name"":""Sunday Hours"",""value"":""Closed""}],""makesOffer"":[{""@type"":""Offer"",""itemOffered"":{""@type"":""Service"",""name"":""Prenuptial Agreement Legal Services"",""description"":""Legal guidance for drafting and reviewing prenuptial agreements in Lancaster County, Pennsylvania."",""url"":""https://lawlancaster.com/prenuptial-agreement-attorneys-in-lancaster-pa/""}}],""knowsAbout"":[{""@type"":""Thing"",""name"":""Prenuptial agreement"",""sameAs"":""https://en.wikipedia.org/wiki/Prenuptial_agreement""},{""@type"":""Thing"",""name"":""Marital property"",""sameAs"":""https://en.wikipedia.org/wiki/Marital_property""},{""@type"":""Thing"",""name"":""Pennsylvania"",""sameAs"":""https://en.wikipedia.org/wiki/Pennsylvania""}]}","<script type=""application/ld+json"">{""@context"":""https://schema.org"",""@type"":""LegalService"",""@id"":""https://lawlancaster.com/prenuptial-agreement-attorneys-in-lancaster-pa/#legalservice"",""name"":""Lancaster Law Group - Prenuptial Agreements"",""legalName"":""Lancaster Law Group"",""description"":""Legal guidance for drafting and reviewing prenuptial agreements in Lancaster County, Pennsylvania."",""parentOrganization"":{""@type"":""Organization"",""@id"":""https://lawlancaster.com/#organization"",""name"":""Lancaster Law Group"",""url"":""https://lawlancaster.com/""},""url"":""https://lawlancaster.com/prenuptial-agreement-attorneys-in-lancaster-pa/"",""logo"":""https://lawlancaster.com/wp-content/uploads/2024/05/20_ologo-1.svg"",""image"":""https://lawlancaster.com/wp-content/uploads/2024/07/prenuptial-agreement-comp.jpg"",""priceRange"":""Call for consultation"",""telephone"":""+1-717-358-0600"",""geo"":{""@type"":""GeoCoordinates"",""latitude"":40.0380586,""longitude"":-76.3031793},""hasMap"":""https://www.google.com/maps?cid=9657191644753201856"",""openingHoursSpecification"":[{""@type"":""OpeningHoursSpecification"",""dayOfWeek"":[""Monday"",""Tuesday"",""Wednesday"",""Thursday"",""Friday""],""opens"":""08:00"",""closes"":""17:00""}],""aggregateRating"":{""@type"":""AggregateRating"",""ratingValue"":""4.7"",""reviewCount"":""77"",""bestRating"":""5"",""worstRating"":""1""},""review"":{""@type"":""Review"",""name"":""Google Business Profile Review Summary"",""author"":{""@type"":""Organization"",""name"":""Google users""},""publisher"":{""@type"":""Organization"",""name"":""Google""},""reviewBody"":""Lancaster Law Group has a 4.7-star rating based on 77 Google reviews."",""reviewRating"":{""@type"":""Rating"",""ratingValue"":""4.7"",""bestRating"":""5"",""worstRating"":""1""}},""sameAs"":[""https://facebook.com/lancasterlawgroup"",""https://www.instagram.com/lancasterlawgroup/""],""areaServed"":[{""@type"":""Place"",""name"":""Lancaster, PA 17603""},{""@type"":""Place"",""name"":""Lancaster, PA 17601""},{""@type"":""Place"",""name"":""Lancaster, PA 17602""},{""@type"":""Place"",""name"":""Lititz, PA 17543""},{""@type"":""Place"",""name"":""Ephrata, PA 17522""},{""@type"":""Place"",""name"":""Manheim, PA 17545""},{""@type"":""Place"",""name"":""Mount Joy, PA 17552""},{""@type"":""Place"",""name"":""Columbia, PA 17512""},{""@type"":""Place"",""name"":""Elizabethtown, PA 17022""},{""@type"":""Place"",""name"":""New Holland, PA 17557""},{""@type"":""Place"",""name"":""Denver, PA 17517""},{""@type"":""Place"",""name"":""Millersville, PA 17551""},{""@type"":""Place"",""name"":""Willow Street, PA 17584""},{""@type"":""Place"",""name"":""Leola, PA 17540""},{""@type"":""Place"",""name"":""Quarryville, PA 17566""},{""@type"":""Place"",""name"":""Marietta, PA 17547""},{""@type"":""Place"",""name"":""Mountville, PA 17554""},{""@type"":""Place"",""name"":""Landisville, PA 17538""},{""@type"":""Place"",""name"":""Stevens, PA 17578""},{""@type"":""Place"",""name"":""Reinholds, PA 17569""},{""@type"":""AdministrativeArea"",""name"":""Lancaster County, PA""}],""additionalProperty"":[{""@type"":""PropertyValue"",""name"":""Saturday Hours"",""value"":""Closed""},{""@type"":""PropertyValue"",""name"":""Sunday Hours"",""value"":""Closed""}],""makesOffer"":[{""@type"":""Offer"",""itemOffered"":{""@type"":""Service"",""name"":""Prenuptial Agreement Legal Services"",""description"":""Legal guidance for drafting and reviewing prenuptial agreements in Lancaster County, Pennsylvania."",""url"":""https://lawlancaster.com/prenuptial-agreement-attorneys-in-lancaster-pa/""}}],""knowsAbout"":[{""@type"":""Thing"",""name"":""Prenuptial agreement"",""sameAs"":""https://en.wikipedia.org/wiki/Prenuptial_agreement""},{""@type"":""Thing"",""name"":""Marital property"",""sameAs"":""https://en.wikipedia.org/wiki/Marital_property""},{""@type"":""Thing"",""name"":""Pennsylvania"",""sameAs"":""https://en.wikipedia.org/wiki/Pennsylvania""}]}</script>"
